,f,velo,l
2025-05-27 00:00:00,41.4834,0.21756666666666663,0.40599999999999997
2025-05-27 00:01:00,41.55287878787879,0.21784848484848485,0.40587878787878784
2025-05-27 00:02:00,41.64311111111111,0.21816666666666665,0.4056666666666666
2025-05-27 00:03:00,41.73015384615384,0.2184102564102564,0.40548717948717944
2025-05-27 00:04:00,41.75345238095239,0.21838095238095237,0.4054285714285714
2025-05-27 00:05:00,41.638400000000004,0.21786666666666665,0.40526666666666666
2025-05-27 00:06:00,41.656395833333335,0.21804166666666666,0.40504166666666663
2025-05-27 00:07:00,41.710352941176474,0.21841176470588236,0.40484313725490195
2025-05-27 00:08:00,41.72288888888889,0.2185925925925926,0.4046666666666667
2025-05-27 00:09:00,41.65650877192982,0.21838596491228068,0.40450877192982454
2025-05-27 00:10:00,41.49671666666667,0.21763333333333335,0.40436666666666665
2025-05-27 00:11:00,41.3906,0.2173,0.40408333333333335
2025-05-27 00:12:00,41.359449999999995,0.21728333333333333,0.40380000000000005
2025-05-27 00:13:00,41.46501666666667,0.21788333333333335,0.40358333333333335
2025-05-27 00:14:00,41.503949999999996,0.21811666666666665,0.4033666666666666
2025-05-27 00:15:00,41.559466666666665,0.2184,0.40298333333333336
2025-05-27 00:16:00,41.431799999999996,0.21776666666666666,0.40268333333333334
2025-05-27 00:17:00,41.30816666666667,0.21725,0.4023
2025-05-27 00:18:00,41.1141,0.21656666666666666,0.40185000000000004
2025-05-27 00:19:00,40.9129,0.21581666666666663,0.4014666666666667
2025-05-27 00:20:00,40.92006666666667,0.21603333333333335,0.4010166666666667
2025-05-27 00:21:00,40.871566666666666,0.21601666666666666,0.4005666666666666
2025-05-27 00:22:00,40.8681,0.2161833333333333,0.4001833333333334
2025-05-27 00:23:00,40.76348333333333,0.21601666666666666,0.39980000000000004
2025-05-27 00:24:00,40.62811666666667,0.21564999999999998,0.39935
2025-05-27 00:25:00,40.690733333333334,0.21615,0.39898333333333336
2025-05-27 00:26:00,40.6721,0.21626666666666666,0.3986
2025-05-27 00:27:00,40.58893333333334,0.2159333333333333,0.39813333333333334
2025-05-27 00:28:00,40.56903333333334,0.21591666666666667,0.39766666666666667
2025-05-27 00:29:00,40.6165,0.21628333333333333,0.39720000000000005
2025-05-27 00:30:00,40.79585,0.21745,0.3967333333333333
2025-05-27 00:31:00,40.8765,0.21818333333333334,0.39626666666666666
2025-05-27 00:32:00,40.8575,0.21836666666666665,0.3957333333333334
2025-05-27 00:33:00,40.60241666666666,0.2174666666666667,0.3952
2025-05-27 00:34:00,40.402566666666665,0.21683333333333335,0.39466666666666667
2025-05-27 00:35:00,40.13046666666666,0.21581666666666668,0.3942333333333333
2025-05-27 00:36:00,39.82096666666667,0.21478333333333333,0.3937166666666667
2025-05-27 00:37:00,39.75883333333333,0.21475000000000005,0.3932833333333333
2025-05-27 00:38:00,39.845416666666665,0.21525,0.39285000000000003
2025-05-27 00:39:00,39.94791666666667,0.2158666666666667,0.3924166666666667
2025-05-27 00:40:00,39.87368333333333,0.21565000000000004,0.3919666666666667
2025-05-27 00:41:00,39.794666666666664,0.21548333333333333,0.3915166666666667
2025-05-27 00:42:00,39.582116666666664,0.2147666666666667,0.3910666666666667
2025-05-27 00:43:00,39.626783333333336,0.21511666666666668,0.3906166666666667
2025-05-27 00:44:00,39.88596666666667,0.21648333333333336,0.39016666666666666
2025-05-27 00:45:00,40.14535,0.21776666666666666,0.3897166666666667
2025-05-27 00:46:00,40.53181666666667,0.2195666666666667,0.3892666666666667
2025-05-27 00:47:00,40.894666666666666,0.22143333333333337,0.38875000000000004
2025-05-27 00:48:00,41.30061666666667,0.22349999999999998,0.3882333333333334
2025-05-27 00:49:00,41.70283333333334,0.22555,0.38771666666666665
2025-05-27 00:50:00,42.01541666666667,0.22714999999999996,0.3872
2025-05-27 00:51:00,42.39391666666667,0.229,0.3866
2025-05-27 00:52:00,42.6452,0.23026666666666668,0.38606666666666667
2025-05-27 00:53:00,42.969233333333335,0.2319,0.38545
2025-05-27 00:54:00,43.514133333333334,0.23453333333333334,0.38483333333333336
2025-05-27 00:55:00,44.028216666666665,0.23689999999999997,0.38428333333333337
2025-05-27 00:56:00,44.7526,0.24023333333333335,0.38373333333333337
2025-05-27 00:57:00,45.26756666666667,0.24264999999999998,0.3831833333333334
2025-05-27 00:58:00,45.70538333333333,0.24488333333333334,0.3826333333333333
2025-05-27 00:59:00,46.10733333333333,0.24705,0.38201666666666667
2025-05-27 01:00:00,46.60295,0.24964999999999998,0.38148333333333334
2025-05-27 01:01:00,46.99101666666667,0.2517333333333333,0.38095
2025-05-27 01:02:00,47.361000000000004,0.25356666666666666,0.3804166666666667
2025-05-27 01:03:00,47.486399999999996,0.2543,0.3798
2025-05-27 01:04:00,47.328516666666665,0.25376666666666664,0.37920000000000004
2025-05-27 01:05:00,47.13793333333333,0.2532,0.3786
2025-05-27 01:06:00,46.92115,0.2526,0.378
2025-05-27 01:07:00,46.845283333333334,0.25261666666666666,0.37746666666666673
2025-05-27 01:08:00,46.69588333333333,0.252,0.37693333333333334
2025-05-27 01:09:00,46.70336666666667,0.25215,0.3764
2025-05-27 01:10:00,46.78255,0.25251666666666667,0.37595000000000006
2025-05-27 01:11:00,46.803200000000004,0.2526833333333333,0.37550000000000006
2025-05-27 01:12:00,47.05788333333333,0.25423333333333337,0.37505
2025-05-27 01:13:00,47.213049999999996,0.2552,0.3746
2025-05-27 01:14:00,47.190000000000005,0.25538333333333335,0.37415000000000004
2025-05-27 01:15:00,47.35311666666667,0.2565,0.3736333333333334
2025-05-27 01:16:00,47.38588333333333,0.25705,0.37303333333333333
2025-05-27 01:17:00,47.45956666666667,0.2578166666666667,0.37243333333333334
2025-05-27 01:18:00,47.53353333333334,0.2583833333333333,0.3719
2025-05-27 01:19:00,47.60831666666667,0.25895,0.3714333333333334
2025-05-27 01:20:00,47.75253333333334,0.25988333333333336,0.37096666666666667
2025-05-27 01:21:00,47.83035,0.26045,0.37049999999999994
2025-05-27 01:22:00,47.78655,0.2604,0.36996666666666667
2025-05-27 01:23:00,47.75921666666667,0.26033333333333336,0.36951666666666666
2025-05-27 01:24:00,47.736266666666666,0.26030000000000003,0.36898333333333333
2025-05-27 01:25:00,47.69188333333334,0.26008333333333333,0.36845
2025-05-27 01:26:00,47.626083333333334,0.2599,0.3679166666666666
2025-05-27 01:27:00,47.50618333333334,0.25949999999999995,0.36746666666666666
2025-05-27 01:28:00,47.435966666666666,0.25953333333333334,0.36701666666666666
2025-05-27 01:29:00,47.16551666666667,0.25860000000000005,0.3664833333333333
2025-05-27 01:30:00,46.85723333333333,0.25743333333333335,0.3658666666666667
2025-05-27 01:31:00,46.643499999999996,0.2566333333333334,0.36533333333333334
2025-05-27 01:32:00,46.38185,0.25545,0.36479999999999996
2025-05-27 01:33:00,46.27708333333334,0.25521666666666665,0.3642666666666666
2025-05-27 01:34:00,46.0772,0.25443333333333334,0.3637333333333333
2025-05-27 01:35:00,45.72891666666666,0.2529,0.3632666666666666
2025-05-27 01:36:00,45.527566666666665,0.25215,0.36288333333333334
2025-05-27 01:37:00,45.286183333333334,0.2511833333333333,0.36241666666666666
2025-05-27 01:38:00,45.12689999999999,0.2508166666666667,0.36188333333333333
2025-05-27 01:39:00,44.943,0.2502666666666667,0.36134999999999995
2025-05-27 01:40:00,44.566433333333336,0.24856666666666669,0.3608166666666667
2025-05-27 01:41:00,44.368316666666665,0.24779999999999996,0.36028333333333334
2025-05-27 01:42:00,44.487883333333336,0.2487833333333333,0.3598166666666667
2025-05-27 01:43:00,44.67198333333333,0.25015,0.35935
2025-05-27 01:44:00,45.0686,0.2526833333333333,0.35888333333333333
2025-05-27 01:45:00,45.338116666666664,0.2546666666666667,0.3584166666666667
2025-05-27 01:46:00,45.35528333333333,0.25525,0.35795000000000005
2025-05-27 01:47:00,45.34141666666667,0.2556333333333333,0.3574833333333333
2025-05-27 01:48:00,45.2442,0.25565,0.35695
2025-05-27 01:49:00,45.153666666666666,0.25566666666666665,0.3564333333333333
2025-05-27 01:50:00,45.052483333333335,0.25571666666666665,0.3559
2025-05-27 01:51:00,44.90363333333333,0.25558333333333333,0.3553
2025-05-27 01:52:00,44.744166666666665,0.2554333333333333,0.3547
2025-05-27 01:53:00,44.49491666666667,0.2547166666666667,0.3541166666666667
2025-05-27 01:54:00,44.392466666666664,0.25475,0.35353333333333337
2025-05-27 01:55:00,44.34693333333333,0.2549666666666667,0.35295000000000004
2025-05-27 01:56:00,44.24176666666667,0.25475,0.3523666666666667
2025-05-27 01:57:00,44.13151666666667,0.25455,0.35178333333333334
2025-05-27 01:58:00,43.90773333333334,0.2535833333333333,0.35135
2025-05-27 01:59:00,43.714866666666666,0.25281666666666663,0.3509
2025-05-27 02:00:00,43.57138333333333,0.25244999999999995,0.35036666666666666
2025-05-27 02:01:00,43.33125,0.2515,0.3499166666666667
2025-05-27 02:02:00,43.02285,0.2501833333333333,0.34946666666666665
2025-05-27 02:03:00,42.66243333333333,0.2486833333333333,0.3489333333333333
2025-05-27 02:04:00,42.31883333333333,0.24718333333333337,0.34846666666666665
2025-05-27 02:05:00,42.06755,0.24603333333333333,0.348
2025-05-27 02:06:00,42.02633333333333,0.24605000000000002,0.3476166666666667
2025-05-27 02:07:00,42.09006666666666,0.24663333333333334,0.34723333333333334
2025-05-27 02:08:00,42.11261666666667,0.24701666666666672,0.34691666666666665
2025-05-27 02:09:00,42.21863333333333,0.24776666666666664,0.3466666666666667
2025-05-27 02:10:00,42.42483333333333,0.24908333333333338,0.3464333333333333
2025-05-27 02:11:00,42.58238333333333,0.25003333333333333,0.34626666666666667
2025-05-27 02:12:00,42.74843333333333,0.25098333333333334,0.34609999999999996
2025-05-27 02:13:00,42.8341,0.25155,0.3459333333333333
2025-05-27 02:14:00,42.82321666666667,0.25155000000000005,0.3458333333333333
2025-05-27 02:15:00,42.82643333333333,0.25175000000000003,0.3456666666666667
2025-05-27 02:16:00,42.68925,0.2511833333333333,0.3454333333333333
2025-05-27 02:17:00,42.53306666666666,0.2504166666666667,0.34528333333333333
2025-05-27 02:18:00,42.46076666666666,0.25021666666666664,0.3449833333333333
2025-05-27 02:19:00,42.36978333333333,0.24981666666666666,0.34476666666666667
2025-05-27 02:20:00,42.37055,0.25001666666666666,0.3445666666666667
2025-05-27 02:21:00,42.428250000000006,0.25061666666666665,0.34428333333333333
2025-05-27 02:22:00,42.416466666666665,0.2508166666666667,0.344
2025-05-27 02:23:00,42.352483333333325,0.2506333333333333,0.3438
2025-05-27 02:24:00,42.2191,0.25006666666666666,0.3436
2025-05-27 02:25:00,42.11348333333333,0.24965,0.3434
2025-05-27 02:26:00,41.92596666666667,0.24863333333333335,0.3432
2025-05-27 02:27:00,41.70438333333333,0.24746666666666667,0.343
2025-05-27 02:28:00,41.49698333333333,0.24628333333333333,0.3428
2025-05-27 02:29:00,41.23081666666666,0.24493333333333336,0.3425166666666667
2025-05-27 02:30:00,40.89905,0.24321666666666664,0.3422333333333333
2025-05-27 02:31:00,40.52943333333333,0.24128333333333335,0.34195
2025-05-27 02:32:00,40.14135,0.23935,0.34158333333333335
2025-05-27 02:33:00,39.89915,0.23818333333333333,0.3412833333333333
2025-05-27 02:34:00,39.68606666666666,0.2372,0.34099999999999997
2025-05-27 02:35:00,39.50165,0.23641666666666664,0.34069999999999995
2025-05-27 02:36:00,39.394416666666665,0.23601666666666668,0.34055
2025-05-27 02:37:00,39.305600000000005,0.23579999999999995,0.34031666666666666
2025-05-27 02:38:00,39.15623333333333,0.23518333333333336,0.34015
2025-05-27 02:39:00,39.0308,0.23479999999999998,0.33985
2025-05-27 02:40:00,38.8617,0.23401666666666662,0.3396833333333333
2025-05-27 02:41:00,38.73961666666666,0.23341666666666666,0.33951666666666663
2025-05-27 02:42:00,38.7067,0.23341666666666666,0.3392833333333333
2025-05-27 02:43:00,38.835966666666664,0.23438333333333333,0.33904999999999996
2025-05-27 02:44:00,38.964616666666664,0.23535,0.33881666666666665
2025-05-27 02:45:00,39.01806666666667,0.23596666666666666,0.33858333333333335
2025-05-27 02:46:00,38.95061666666667,0.23581666666666665,0.33835
2025-05-27 02:47:00,38.75405,0.23484999999999995,0.3381166666666667
2025-05-27 02:48:00,38.67973333333334,0.23464999999999997,0.3378
2025-05-27 02:49:00,38.530216666666675,0.23383333333333328,0.3375666666666667
2025-05-27 02:50:00,38.53536666666666,0.23399999999999999,0.3373333333333334
2025-05-27 02:51:00,38.578716666666665,0.23436666666666667,0.3371
2025-05-27 02:52:00,38.4765,0.23371666666666666,0.3368833333333333
2025-05-27 02:53:00,38.27685,0.23248333333333332,0.33666666666666667
2025-05-27 02:54:00,38.0155,0.23079999999999998,0.3363666666666667
2025-05-27 02:55:00,37.68253333333333,0.22863333333333333,0.3362166666666667
2025-05-27 02:56:00,37.36593333333333,0.22668333333333335,0.3359166666666667
2025-05-27 02:57:00,37.17711666666666,0.22546666666666665,0.3357
2025-05-27 02:58:00,37.09015,0.22506666666666666,0.33540000000000003
2025-05-27 02:59:00,37.008966666666666,0.22465000000000002,0.3351666666666667
2025-05-27 03:00:00,36.8915,0.22401666666666667,0.3348666666666667
2025-05-27 03:01:00,36.6109,0.22238333333333332,0.33456666666666673
2025-05-27 03:02:00,36.344800000000006,0.2207333333333333,0.33433333333333337
2025-05-27 03:03:00,35.978500000000004,0.21861666666666668,0.3341
2025-05-27 03:04:00,35.61365,0.2165,0.3338
2025-05-27 03:05:00,35.3061,0.21476666666666663,0.3335
2025-05-27 03:06:00,35.1088,0.2137,0.33320000000000005
2025-05-27 03:07:00,35.04365,0.21341666666666667,0.33290000000000003
2025-05-27 03:08:00,34.84818333333333,0.21234999999999998,0.33268333333333333
2025-05-27 03:09:00,34.85846666666667,0.21253333333333332,0.33253333333333335
2025-05-27 03:10:00,34.74368333333334,0.21195,0.3323166666666667
2025-05-27 03:11:00,34.65538333333333,0.21155,0.3321
2025-05-27 03:12:00,34.70258333333334,0.21195,0.33195
2025-05-27 03:13:00,34.6956,0.21203333333333335,0.3318
2025-05-27 03:14:00,34.633516666666665,0.21188333333333334,0.33165
2025-05-27 03:15:00,34.58866666666667,0.21181666666666668,0.33143333333333336
2025-05-27 03:16:00,34.4486,0.2111333333333333,0.3312833333333333
2025-05-27 03:17:00,34.27271666666667,0.21020000000000003,0.33113333333333334
2025-05-27 03:18:00,34.10631666666667,0.209,0.3310666666666667
2025-05-27 03:19:00,33.87076666666667,0.20738333333333334,0.331
2025-05-27 03:20:00,33.794133333333335,0.20681666666666665,0.33093333333333336
2025-05-27 03:21:00,33.793933333333335,0.2068,0.33086666666666664
2025-05-27 03:22:00,33.6357,0.20588333333333333,0.3308
2025-05-27 03:23:00,33.56815,0.20538333333333333,0.3307333333333333
2025-05-27 03:24:00,33.30028333333333,0.20363333333333333,0.3307333333333333
2025-05-27 03:25:00,32.97303333333333,0.20139999999999997,0.3307333333333333
2025-05-27 03:26:00,32.68671666666667,0.19945,0.3307333333333333
2025-05-27 03:27:00,32.282466666666664,0.1968,0.3307333333333333
2025-05-27 03:28:00,32.048649999999995,0.19528333333333334,0.33066666666666666
2025-05-27 03:29:00,31.821283333333334,0.19388333333333332,0.33045
2025-05-27 03:30:00,31.588733333333334,0.19244999999999998,0.3303
2025-05-27 03:31:00,31.43913333333333,0.19158333333333333,0.33015
2025-05-27 03:32:00,31.288716666666666,0.1907333333333333,0.33
2025-05-27 03:33:00,31.131166666666665,0.18991666666666668,0.32976666666666665
2025-05-27 03:34:00,31.096799999999995,0.18978333333333333,0.3297
2025-05-27 03:35:00,31.110433333333333,0.19005,0.3294666666666667
2025-05-27 03:36:00,31.193466666666666,0.19061666666666666,0.3293166666666667
2025-05-27 03:37:00,31.183216666666663,0.19061666666666666,0.3291666666666667
2025-05-27 03:38:00,31.122999999999998,0.19035,0.3290166666666667
2025-05-27 03:39:00,31.0596,0.19014999999999999,0.3287833333333333
2025-05-27 03:40:00,30.815283333333333,0.18873333333333334,0.32855
2025-05-27 03:41:00,30.712349999999997,0.18816666666666665,0.3283166666666667
2025-05-27 03:42:00,30.619833333333332,0.18773333333333334,0.3280833333333334
2025-05-27 03:43:00,30.552833333333332,0.18736666666666665,0.32785000000000003
2025-05-27 03:44:00,30.702516666666668,0.18835,0.3277
2025-05-27 03:45:00,30.81893333333333,0.18913333333333332,0.3274666666666667
2025-05-27 03:46:00,30.842916666666667,0.18933333333333333,0.3272333333333334
2025-05-27 03:47:00,30.872933333333332,0.18964999999999999,0.32700000000000007
2025-05-27 03:48:00,30.72595,0.18871666666666664,0.32683333333333336
2025-05-27 03:49:00,30.416533333333337,0.18656666666666666,0.32675
2025-05-27 03:50:00,30.119749999999993,0.18446666666666667,0.3266666666666667
2025-05-27 03:51:00,29.837116666666667,0.1825,0.32658333333333334
2025-05-27 03:52:00,29.684883333333335,0.18146666666666667,0.3265
2025-05-27 03:53:00,29.541016666666668,0.18043333333333333,0.3265
2025-05-27 03:54:00,29.46135,0.17998333333333333,0.32633333333333336
2025-05-27 03:55:00,29.448633333333333,0.17975000000000002,0.32633333333333336
2025-05-27 03:56:00,29.3351,0.17903333333333332,0.32625000000000004
2025-05-27 03:57:00,29.29545,0.17878333333333335,0.32616666666666666
2025-05-27 03:58:00,29.0793,0.17743333333333333,0.326
2025-05-27 03:59:00,28.945716666666662,0.17651666666666666,0.3259166666666667
2025-05-27 04:00:00,28.86343333333333,0.17583333333333334,0.3258333333333333
2025-05-27 04:01:00,28.727933333333333,0.17486666666666667,0.32575000000000004
2025-05-27 04:02:00,28.679083333333335,0.17443333333333333,0.32566666666666666
2025-05-27 04:03:00,28.505950000000002,0.17338333333333333,0.32558333333333334
2025-05-27 04:04:00,28.250633333333333,0.17185,0.3254166666666667
2025-05-27 04:05:00,27.976383333333338,0.17016666666666666,0.32541666666666663
2025-05-27 04:06:00,27.705966666666665,0.16845,0.3254166666666667
2025-05-27 04:07:00,27.58651666666667,0.16770000000000002,0.3253333333333333
2025-05-27 04:08:00,27.65941666666667,0.16820000000000002,0.32525
2025-05-27 04:09:00,27.800733333333334,0.16935,0.32508333333333334
2025-05-27 04:10:00,27.94698333333334,0.17058333333333334,0.32491666666666663
2025-05-27 04:11:00,27.998866666666668,0.17115,0.32483333333333336
2025-05-27 04:12:00,27.915666666666663,0.17073333333333335,0.32466666666666666
2025-05-27 04:13:00,27.888316666666668,0.17061666666666667,0.32458333333333333
2025-05-27 04:14:00,27.894000000000005,0.17078333333333334,0.32441666666666663
2025-05-27 04:15:00,27.805266666666665,0.1704,0.32425
2025-05-27 04:16:00,27.878316666666667,0.17103333333333334,0.3240833333333333
2025-05-27 04:17:00,27.92893333333334,0.17145000000000002,0.32391666666666663
2025-05-27 04:18:00,27.970500000000005,0.17170000000000002,0.3238333333333333
2025-05-27 04:19:00,27.956733333333336,0.17165000000000002,0.32366666666666666
2025-05-27 04:20:00,28.052433333333333,0.17253333333333334,0.3235
2025-05-27 04:21:00,28.039300000000004,0.17270000000000002,0.32334999999999997
2025-05-27 04:22:00,28.03881666666667,0.1729,0.3232666666666667
2025-05-27 04:23:00,27.971549999999997,0.17258333333333334,0.3231
2025-05-27 04:24:00,27.80766666666667,0.17145000000000002,0.3230166666666666
2025-05-27 04:25:00,27.70025,0.17076666666666668,0.32284999999999997
2025-05-27 04:26:00,27.68851666666667,0.1708,0.3226
2025-05-27 04:27:00,27.600533333333328,0.1703,0.3225166666666667
2025-05-27 04:28:00,27.453449999999997,0.1695,0.3224333333333333
2025-05-27 04:29:00,27.446033333333332,0.16953333333333334,0.32235
2025-05-27 04:30:00,27.3239,0.16871666666666668,0.32226666666666665
2025-05-27 04:31:00,27.26338333333333,0.16828333333333334,0.3221833333333333
2025-05-27 04:32:00,27.28116666666667,0.16840000000000002,0.32209999999999994
2025-05-27 04:33:00,27.24015,0.16820000000000002,0.3218666666666667
2025-05-27 04:34:00,27.164949999999997,0.16765,0.32178333333333337
2025-05-27 04:35:00,27.134000000000004,0.16743333333333335,0.3217
2025-05-27 04:36:00,26.908516666666667,0.16586666666666666,0.3217
2025-05-27 04:37:00,26.565933333333334,0.16371666666666668,0.32155
2025-05-27 04:38:00,26.30146666666667,0.16213333333333332,0.3214666666666667
2025-05-27 04:39:00,25.9978,0.16035,0.3214
2025-05-27 04:40:00,25.682916666666664,0.1584,0.3214166666666667
2025-05-27 04:41:00,25.38065,0.15646666666666667,0.3214166666666667
2025-05-27 04:42:00,25.1035,0.15475,0.3212666666666667
2025-05-27 04:43:00,25.020699999999998,0.15416666666666667,0.32128333333333337
2025-05-27 04:44:00,25.088283333333333,0.15466666666666667,0.3211333333333334
2025-05-27 04:45:00,25.172833333333337,0.15528333333333333,0.32098333333333334
2025-05-27 04:46:00,24.955683333333333,0.15373333333333333,0.32091666666666663
2025-05-27 04:47:00,24.700416666666666,0.15203333333333333,0.32076666666666664
2025-05-27 04:48:00,24.315333333333335,0.14938333333333334,0.32061666666666666
2025-05-27 04:49:00,23.78305,0.14573333333333333,0.32055
2025-05-27 04:50:00,23.51853333333333,0.14408333333333334,0.32048333333333334
2025-05-27 04:51:00,23.279500000000002,0.14263333333333333,0.32033333333333336
2025-05-27 04:52:00,22.96845,0.14063333333333333,0.3202666666666667
2025-05-27 04:53:00,22.696333333333335,0.13884999999999997,0.32026666666666664
2025-05-27 04:54:00,22.28183333333333,0.13615000000000002,0.32020000000000004
2025-05-27 04:55:00,21.7778,0.13281666666666667,0.3201333333333334
2025-05-27 04:56:00,21.487166666666667,0.13103333333333333,0.3199833333333334
2025-05-27 04:57:00,21.474333333333334,0.13090000000000002,0.3199833333333334
2025-05-27 04:58:00,21.5236,0.13121666666666668,0.3199166666666667
2025-05-27 04:59:00,21.631816666666666,0.13181666666666667,0.31991666666666674
2025-05-27 05:00:00,21.628149999999998,0.13171666666666665,0.31983333333333336
2025-05-27 05:01:00,21.65331666666667,0.1319,0.31975000000000003
2025-05-27 05:02:00,21.791266666666665,0.13283333333333333,0.31975000000000003
2025-05-27 05:03:00,21.957050000000002,0.13398333333333332,0.3196666666666667
2025-05-27 05:04:00,22.063066666666668,0.13473333333333332,0.3196666666666667
2025-05-27 05:05:00,22.273966666666666,0.13626666666666667,0.3196666666666667
2025-05-27 05:06:00,22.729783333333337,0.13951666666666668,0.3196666666666667
2025-05-27 05:07:00,23.100383333333333,0.14215,0.3196666666666667
2025-05-27 05:08:00,23.560916666666667,0.14543333333333333,0.3196666666666667
2025-05-27 05:09:00,23.971116666666667,0.14836666666666667,0.3196666666666667
2025-05-27 05:10:00,24.092783333333337,0.14923333333333333,0.3196666666666667
2025-05-27 05:11:00,24.192500000000003,0.1498833333333333,0.3196666666666667
2025-05-27 05:12:00,24.385916666666667,0.15130000000000002,0.3196666666666667
2025-05-27 05:13:00,24.587699999999998,0.15275,0.3196666666666667
2025-05-27 05:14:00,24.830083333333334,0.15438333333333332,0.3196666666666667
2025-05-27 05:15:00,25.160100000000003,0.15658333333333332,0.3196666666666667
2025-05-27 05:16:00,25.35306666666667,0.15771666666666667,0.3196666666666667
2025-05-27 05:17:00,25.364633333333334,0.15763333333333335,0.3196666666666667
2025-05-27 05:18:00,25.535183333333332,0.15875,0.31960000000000005
2025-05-27 05:19:00,25.682133333333336,0.15978333333333333,0.31953333333333334
2025-05-27 05:20:00,25.82936666666667,0.16068333333333334,0.31953333333333334
2025-05-27 05:21:00,25.984033333333333,0.1615666666666667,0.31953333333333334
2025-05-27 05:22:00,25.870516666666667,0.1606,0.3194666666666667
2025-05-27 05:23:00,25.636133333333333,0.15883333333333333,0.3194
2025-05-27 05:24:00,25.406916666666667,0.15718333333333334,0.31933333333333336
2025-05-27 05:25:00,25.045683333333336,0.15460000000000002,0.3192666666666667
2025-05-27 05:26:00,24.697733333333332,0.15208333333333335,0.3192666666666667
2025-05-27 05:27:00,24.462816666666665,0.15031666666666665,0.3192666666666667
2025-05-27 05:28:00,24.26915,0.14884999999999998,0.31920000000000004
2025-05-27 05:29:00,23.991966666666666,0.14683333333333332,0.3191333333333334
2025-05-27 05:30:00,23.899099999999997,0.14608333333333334,0.3191333333333334
2025-05-27 05:31:00,23.7688,0.14511666666666667,0.3190666666666667
2025-05-27 05:32:00,23.378966666666667,0.14238333333333333,0.31900000000000006
2025-05-27 05:33:00,23.02295,0.13979999999999998,0.3189333333333334
2025-05-27 05:34:00,22.72285,0.13776666666666668,0.31886666666666674
2025-05-27 05:35:00,22.384616666666666,0.13558333333333333,0.31880000000000003
2025-05-27 05:36:00,22.301283333333334,0.1352,0.31873333333333337
2025-05-27 05:37:00,22.29575,0.13541666666666666,0.3186666666666667
2025-05-27 05:38:00,22.045350000000003,0.13386666666666666,0.3186666666666667
2025-05-27 05:39:00,21.89046666666667,0.1328666666666667,0.3186666666666667
2025-05-27 05:40:00,21.793533333333336,0.1322666666666667,0.31860000000000005
2025-05-27 05:41:00,21.70015,0.13181666666666667,0.3185333333333334
2025-05-27 05:42:00,21.719733333333334,0.1320666666666667,0.3185333333333334
2025-05-27 05:43:00,21.667650000000002,0.13186666666666666,0.3185333333333334
2025-05-27 05:44:00,21.675050000000002,0.13208333333333333,0.3186166666666667
2025-05-27 05:45:00,21.711983333333333,0.13228333333333334,0.3186166666666667
2025-05-27 05:46:00,21.863400000000002,0.13331666666666667,0.31855
2025-05-27 05:47:00,22.023966666666666,0.13446666666666668,0.31856666666666666
2025-05-27 05:48:00,22.094883333333335,0.135,0.31856666666666666
2025-05-27 05:49:00,22.256133333333334,0.13618333333333335,0.31856666666666666
2025-05-27 05:50:00,22.233316666666667,0.13608333333333333,0.31858333333333333
2025-05-27 05:51:00,22.252666666666666,0.1363,0.3186666666666667
2025-05-27 05:52:00,22.52851666666667,0.1381,0.31881666666666664
2025-05-27 05:53:00,22.819966666666666,0.14021666666666668,0.3189666666666667
2025-05-27 05:54:00,23.02916666666667,0.14158333333333334,0.31911666666666666
2025-05-27 05:55:00,23.302666666666667,0.14335,0.3192666666666667
2025-05-27 05:56:00,23.314216666666667,0.1432166666666667,0.3194166666666667
2025-05-27 05:57:00,23.233116666666668,0.1424166666666667,0.31956666666666667
2025-05-27 05:58:00,23.37598333333333,0.14325000000000002,0.31971666666666665
2025-05-27 05:59:00,23.376716666666667,0.14311666666666667,0.31986666666666663
2025-05-27 06:00:00,23.396966666666668,0.14333333333333334,0.32001666666666667
2025-05-27 06:01:00,23.47675,0.14385,0.32016666666666665
2025-05-27 06:02:00,23.584133333333334,0.14456666666666668,0.3203166666666667
2025-05-27 06:03:00,23.684216666666668,0.14530000000000004,0.3204666666666666
2025-05-27 06:04:00,23.6767,0.14520000000000002,0.3205333333333333
2025-05-27 06:05:00,23.747083333333332,0.14585,0.3206833333333333
2025-05-27 06:06:00,23.654983333333334,0.14543333333333336,0.3208333333333333
2025-05-27 06:07:00,23.679350000000003,0.14563333333333334,0.3209
2025-05-27 06:08:00,23.752683333333334,0.14625000000000002,0.32104999999999995
2025-05-27 06:09:00,23.877333333333333,0.14716666666666667,0.3212
2025-05-27 06:10:00,24.016133333333336,0.1482,0.32126666666666664
2025-05-27 06:11:00,24.249000000000002,0.14985,0.3213333333333333
2025-05-27 06:12:00,24.427016666666667,0.15116666666666667,0.3213333333333333
2025-05-27 06:13:00,24.557450000000003,0.15193333333333334,0.3213333333333333
2025-05-27 06:14:00,24.96006666666667,0.15460000000000002,0.3213333333333333
2025-05-27 06:15:00,25.228483333333337,0.15635000000000002,0.3213333333333333
2025-05-27 06:16:00,25.6918,0.15958333333333335,0.3213333333333333
2025-05-27 06:17:00,26.18175,0.16306666666666667,0.3213333333333333
2025-05-27 06:18:00,26.46111666666667,0.16504999999999997,0.32141666666666663
2025-05-27 06:19:00,26.66655,0.16651666666666667,0.3215
2025-05-27 06:20:00,26.850366666666666,0.16775,0.3215833333333333
2025-05-27 06:21:00,26.846816666666665,0.16776666666666668,0.32166666666666666
2025-05-27 06:22:00,26.649333333333335,0.16638333333333333,0.32175
2025-05-27 06:23:00,26.657983333333334,0.16648333333333334,0.3218333333333333
2025-05-27 06:24:00,26.714983333333333,0.16686666666666666,0.3219166666666667
2025-05-27 06:25:00,26.508316666666666,0.1652833333333333,0.32199999999999995
2025-05-27 06:26:00,26.460933333333333,0.16476666666666667,0.32208333333333333
2025-05-27 06:27:00,26.222483333333333,0.16294999999999998,0.3221666666666666
2025-05-27 06:28:00,25.961716666666668,0.16094999999999998,0.3223166666666667
2025-05-27 06:29:00,25.70725,0.15915,0.3224
2025-05-27 06:30:00,25.601266666666668,0.15831666666666666,0.32255
2025-05-27 06:31:00,25.439433333333334,0.15708333333333332,0.3227
2025-05-27 06:32:00,25.254066666666667,0.15586666666666665,0.32284999999999997
2025-05-27 06:33:00,25.330483333333333,0.15631666666666666,0.32300000000000006
2025-05-27 06:34:00,25.168583333333334,0.15518333333333334,0.32315
2025-05-27 06:35:00,25.083483333333334,0.15468333333333334,0.32330000000000003
2025-05-27 06:36:00,24.85005,0.15336666666666668,0.32338333333333336
2025-05-27 06:37:00,24.488266666666668,0.15118333333333334,0.3234666666666667
2025-05-27 06:38:00,24.162166666666668,0.14905000000000002,0.3236
2025-05-27 06:39:00,23.958566666666666,0.14786666666666667,0.32366666666666666
2025-05-27 06:40:00,23.75395,0.14653333333333335,0.32380000000000003
2025-05-27 06:41:00,23.703466666666664,0.14628333333333332,0.32395
2025-05-27 06:42:00,23.4702,0.14515,0.3241
2025-05-27 06:43:00,23.306566666666665,0.1441,0.32425000000000004
2025-05-27 06:44:00,23.176,0.14340000000000003,0.3244
2025-05-27 06:45:00,23.418033333333334,0.14500000000000002,0.32461666666666666
2025-05-27 06:46:00,23.617083333333333,0.14625000000000002,0.3247666666666667
2025-05-27 06:47:00,23.786316666666664,0.1474,0.32498333333333335
2025-05-27 06:48:00,23.90175,0.14811666666666667,0.3251333333333334
2025-05-27 06:49:00,23.909283333333335,0.14805,0.32535
2025-05-27 06:50:00,24.0106,0.14853333333333332,0.3255
2025-05-27 06:51:00,24.196716666666667,0.14953333333333335,0.32565
2025-05-27 06:52:00,24.291483333333336,0.1497,0.3258
2025-05-27 06:53:00,24.196216666666665,0.14875,0.3260333333333333
2025-05-27 06:54:00,24.107733333333336,0.14776666666666666,0.32635000000000003
2025-05-27 06:55:00,23.814483333333335,0.14533333333333334,0.32666666666666666
2025-05-27 06:56:00,23.720333333333336,0.14411666666666667,0.32704999999999995
2025-05-27 06:57:00,23.860416666666666,0.14445000000000002,0.32743333333333335
2025-05-27 06:58:00,23.961383333333334,0.14478333333333332,0.3276833333333333
2025-05-27 06:59:00,24.135033333333332,0.14556666666666668,0.32799999999999996
2025-05-27 07:00:00,24.203166666666668,0.14581666666666665,0.32825
2025-05-27 07:01:00,24.206650000000003,0.1454166666666667,0.32848333333333335
2025-05-27 07:02:00,24.63233333333333,0.14775,0.32871666666666666
2025-05-27 07:03:00,25.02873333333333,0.15005,0.32903333333333334
2025-05-27 07:04:00,25.45201666666667,0.1524,0.32941666666666664
2025-05-27 07:05:00,25.535216666666667,0.1528,0.3297333333333333
2025-05-27 07:06:00,25.63698333333333,0.1533,0.33018333333333333
2025-05-27 07:07:00,25.626183333333337,0.15306666666666668,0.3305666666666667
2025-05-27 07:08:00,25.72045,0.15356666666666668,0.33094999999999997
2025-05-27 07:09:00,25.885033333333332,0.15456666666666669,0.33133333333333337
2025-05-27 07:10:00,25.88136666666667,0.15446666666666667,0.3318
2025-05-27 07:11:00,25.82923333333333,0.1539833333333333,0.3322666666666666
2025-05-27 07:12:00,25.854566666666663,0.15411666666666665,0.3327333333333333
2025-05-27 07:13:00,25.922133333333335,0.15458333333333335,0.33311666666666667
2025-05-27 07:14:00,26.0223,0.15535000000000002,0.33341666666666664
2025-05-27 07:15:00,26.47228333333333,0.15843333333333334,0.33371666666666666
2025-05-27 07:16:00,26.932799999999997,0.16141666666666665,0.3340166666666667
2025-05-27 07:17:00,27.328000000000003,0.16393333333333332,0.3343166666666667
2025-05-27 07:18:00,27.95631666666667,0.16778333333333334,0.3346166666666667
2025-05-27 07:19:00,28.48338333333333,0.17098333333333332,0.33491666666666664
2025-05-27 07:20:00,28.986250000000002,0.17396666666666666,0.3352833333333333
2025-05-27 07:21:00,29.445500000000003,0.17679999999999998,0.33573333333333333
2025-05-27 07:22:00,29.760083333333334,0.17856666666666668,0.33618333333333333
2025-05-27 07:23:00,29.740250000000003,0.17838333333333334,0.33655
2025-05-27 07:24:00,29.733633333333337,0.17831666666666665,0.33685
2025-05-27 07:25:00,29.96091666666667,0.17988333333333334,0.33721666666666666
2025-05-27 07:26:00,30.220366666666667,0.1815166666666667,0.33758333333333335
2025-05-27 07:27:00,30.839800000000004,0.18533333333333332,0.33795000000000003
2025-05-27 07:28:00,31.242533333333334,0.18781666666666666,0.3383166666666667
2025-05-27 07:29:00,31.644516666666668,0.19025,0.33868333333333334
2025-05-27 07:30:00,32.0888,0.19280000000000003,0.3391333333333334
2025-05-27 07:31:00,32.43188333333333,0.1948666666666667,0.3395
2025-05-27 07:32:00,32.82313333333333,0.19715,0.33995000000000003
2025-05-27 07:33:00,33.18756666666667,0.19913333333333333,0.3403166666666667
2025-05-27 07:34:00,33.507416666666664,0.20076666666666668,0.34085000000000004
2025-05-27 07:35:00,33.71376666666667,0.20156666666666667,0.34138333333333337
2025-05-27 07:36:00,33.73148333333333,0.20115,0.34198333333333336
2025-05-27 07:37:00,33.688849999999995,0.20033333333333334,0.34258333333333335
2025-05-27 07:38:00,33.469449999999995,0.19833333333333333,0.34325000000000006
2025-05-27 07:39:00,33.36451666666667,0.1969,0.3439166666666667
2025-05-27 07:40:00,33.245549999999994,0.19531666666666667,0.34458333333333335
2025-05-27 07:41:00,33.331316666666666,0.19508333333333333,0.3451666666666667
2025-05-27 07:42:00,33.51363333333333,0.19548333333333331,0.34575000000000006
2025-05-27 07:43:00,33.88881666666666,0.19703333333333334,0.3463333333333334
2025-05-27 07:44:00,34.31273333333333,0.19885000000000003,0.3470833333333333
2025-05-27 07:45:00,34.63021666666667,0.19983333333333334,0.34785
2025-05-27 07:46:00,34.85413333333334,0.2004,0.34855
2025-05-27 07:47:00,34.791266666666665,0.1994,0.34925
2025-05-27 07:48:00,34.89508333333333,0.19945,0.34995
2025-05-27 07:49:00,34.957633333333334,0.1992833333333333,0.3507166666666667
2025-05-27 07:50:00,35.143433333333334,0.19998333333333335,0.3513833333333333
2025-05-27 07:51:00,35.3903,0.20076666666666668,0.3521333333333333
2025-05-27 07:52:00,35.59551666666666,0.20136666666666664,0.3528
2025-05-27 07:53:00,35.75028333333333,0.20171666666666668,0.35355
2025-05-27 07:54:00,35.923966666666665,0.20224999999999999,0.35419999999999996
2025-05-27 07:55:00,36.12826666666666,0.20305,0.3549333333333333
2025-05-27 07:56:00,36.3524,0.2038666666666667,0.35568333333333335
2025-05-27 07:57:00,36.62928333333333,0.20488333333333336,0.3565166666666667
2025-05-27 07:58:00,36.98863333333334,0.20661666666666667,0.3572
2025-05-27 07:59:00,37.348216666666666,0.20831666666666665,0.35796666666666666
2025-05-27 08:00:00,37.899366666666666,0.2113,0.35866666666666663
2025-05-27 08:01:00,38.35471666666667,0.21346666666666664,0.35951666666666665
2025-05-27 08:02:00,38.68465,0.2149166666666667,0.36036666666666667
2025-05-27 08:03:00,38.924883333333334,0.21576666666666666,0.36121666666666663
2025-05-27 08:04:00,38.95775,0.2154333333333333,0.3619
2025-05-27 08:05:00,38.98903333333333,0.21516666666666664,0.3625
2025-05-27 08:06:00,39.11958333333333,0.21535,0.36324999999999996
2025-05-27 08:07:00,39.304633333333335,0.21578333333333335,0.36406666666666665
2025-05-27 08:08:00,39.63081666666666,0.2169,0.36488333333333334
2025-05-27 08:09:00,40.03345,0.2184166666666667,0.36563333333333337
2025-05-27 08:10:00,40.31271666666667,0.21925,0.3663166666666667
2025-05-27 08:11:00,40.49745,0.21976666666666667,0.367
2025-05-27 08:12:00,40.64073333333333,0.22015,0.3677666666666667
2025-05-27 08:13:00,40.836266666666674,0.2208333333333333,0.3685333333333333
2025-05-27 08:14:00,41.148333333333326,0.22205000000000003,0.3693166666666667
2025-05-27 08:15:00,41.509566666666665,0.2234666666666667,0.37001666666666666
2025-05-27 08:16:00,41.898916666666665,0.2250166666666667,0.3707
2025-05-27 08:17:00,42.263099999999994,0.22655000000000003,0.3713666666666667
2025-05-27 08:18:00,42.63433333333333,0.22793333333333332,0.37211666666666665
2025-05-27 08:19:00,43.07815,0.22973333333333334,0.37278333333333336
2025-05-27 08:20:00,43.39091666666667,0.23085,0.3735333333333334
2025-05-27 08:21:00,43.701499999999996,0.23205,0.3741333333333334
2025-05-27 08:22:00,43.89415,0.23261666666666664,0.3748166666666667
2025-05-27 08:23:00,44.23048333333334,0.23405,0.3755
2025-05-27 08:24:00,44.6436,0.23601666666666668,0.3761
2025-05-27 08:25:00,45.238299999999995,0.23878333333333335,0.37678333333333336
2025-05-27 08:26:00,45.84433333333333,0.24175,0.37731666666666663
2025-05-27 08:27:00,46.41686666666667,0.24461666666666665,0.37770000000000004
2025-05-27 08:28:00,46.93921666666667,0.24713333333333334,0.37816666666666665
2025-05-27 08:29:00,47.399649999999994,0.24935000000000002,0.3786333333333333
2025-05-27 08:30:00,47.77891666666667,0.25116666666666665,0.37901666666666667
2025-05-27 08:31:00,48.24085,0.2532166666666667,0.37948333333333334
2025-05-27 08:32:00,48.71001666666667,0.2551833333333333,0.37995
2025-05-27 08:33:00,49.11319999999999,0.25688333333333335,0.3803333333333333
2025-05-27 08:34:00,49.32938333333333,0.2576833333333333,0.38071666666666665
2025-05-27 08:35:00,49.42451666666666,0.25789999999999996,0.3811
2025-05-27 08:36:00,49.45305,0.25795,0.3814166666666666
2025-05-27 08:37:00,49.52168333333333,0.2581833333333333,0.38166666666666665
2025-05-27 08:38:00,49.597183333333334,0.25843333333333335,0.3819166666666667
2025-05-27 08:39:00,49.63099999999999,0.25844999999999996,0.38216666666666665
2025-05-27 08:40:00,49.823816666666666,0.2591333333333333,0.3823333333333333
2025-05-27 08:41:00,49.895783333333334,0.25928333333333337,0.38249999999999995
2025-05-27 08:42:00,50.134116666666664,0.26038333333333336,0.38258333333333333
2025-05-27 08:43:00,50.21961666666666,0.26075,0.38266666666666665
2025-05-27 08:44:00,50.23688333333333,0.2607666666666667,0.3828333333333333
2025-05-27 08:45:00,50.104216666666666,0.26003333333333334,0.38298333333333334
2025-05-27 08:46:00,49.893966666666664,0.2589,0.38306666666666667
2025-05-27 08:47:00,49.867666666666665,0.25856666666666667,0.3833666666666667
2025-05-27 08:48:00,49.765550000000005,0.25805,0.38345
2025-05-27 08:49:00,49.82508333333333,0.2584666666666667,0.3836
2025-05-27 08:50:00,49.8904,0.2588666666666667,0.3838333333333333
2025-05-27 08:51:00,49.863083333333336,0.2589166666666667,0.3839833333333333
2025-05-27 08:52:00,49.872766666666664,0.25915,0.38411666666666666
2025-05-27 08:53:00,49.910399999999996,0.25936666666666663,0.3843333333333333
2025-05-27 08:54:00,50.00986666666667,0.25995,0.3844666666666667
2025-05-27 08:55:00,50.03261666666667,0.26015,0.3846
2025-05-27 08:56:00,50.10105,0.26055,0.38473333333333337
2025-05-27 08:57:00,50.11558333333333,0.26075,0.3848666666666667
2025-05-27 08:58:00,50.08708333333333,0.2607666666666667,0.38499999999999995
2025-05-27 08:59:00,50.03986666666667,0.26065,0.3851333333333333
2025-05-27 09:00:00,49.9493,0.2603833333333333,0.38526666666666665
2025-05-27 09:01:00,49.87355,0.26005,0.3854
2025-05-27 09:02:00,49.97501666666666,0.26066666666666666,0.38553333333333334
2025-05-27 09:03:00,50.23243333333333,0.2620166666666667,0.3856666666666667
2025-05-27 09:04:00,50.56176666666667,0.2637333333333333,0.38580000000000003
2025-05-27 09:05:00,50.87985,0.26545,0.3858666666666667
2025-05-27 09:06:00,51.07363333333333,0.2664,0.386
2025-05-27 09:07:00,51.13536666666666,0.26676666666666665,0.386
2025-05-27 09:08:00,51.13381666666667,0.2665666666666667,0.3862166666666667
2025-05-27 09:09:00,50.99841666666667,0.26559999999999995,0.3863666666666667
2025-05-27 09:10:00,50.93365,0.2650166666666667,0.3866
2025-05-27 09:11:00,50.7999,0.2642333333333333,0.38675000000000004
2025-05-27 09:12:00,50.62498333333333,0.26321666666666665,0.3868333333333333
2025-05-27 09:13:00,50.58743333333334,0.2627666666666667,0.387
2025-05-27 09:14:00,50.485883333333334,0.2619,0.38708333333333333
2025-05-27 09:15:00,50.54181666666666,0.26176666666666665,0.38716666666666666
2025-05-27 09:16:00,50.45583333333333,0.2609833333333333,0.38725
2025-05-27 09:17:00,50.44605,0.26058333333333333,0.38741666666666663
2025-05-27 09:18:00,50.50248333333333,0.26071666666666665,0.3875
2025-05-27 09:19:00,50.54774999999999,0.26084999999999997,0.3875833333333333
2025-05-27 09:20:00,50.5233,0.26063333333333333,0.3876666666666667
2025-05-27 09:21:00,50.50168333333333,0.26043333333333335,0.38775
2025-05-27 09:22:00,50.198966666666664,0.2586833333333333,0.38783333333333336
2025-05-27 09:23:00,49.752516666666665,0.2561666666666667,0.38791666666666663
2025-05-27 09:24:00,49.31928333333333,0.25361666666666666,0.388
2025-05-27 09:25:00,48.943,0.25145,0.3880833333333333
2025-05-27 09:26:00,48.746249999999996,0.25025,0.38816666666666666
2025-05-27 09:27:00,48.5193,0.24893333333333337,0.3881833333333333
2025-05-27 09:28:00,48.4462,0.24851666666666666,0.38818333333333327
2025-05-27 09:29:00,48.369733333333336,0.24813333333333337,0.3881166666666666
2025-05-27 09:30:00,48.305899999999994,0.2477666666666667,0.38803333333333334
2025-05-27 09:31:00,48.307766666666666,0.2476,0.3881
2025-05-27 09:32:00,48.408833333333334,0.24805000000000002,0.38809999999999995
2025-05-27 09:33:00,48.399649999999994,0.2481,0.3880166666666666
2025-05-27 09:34:00,48.56985,0.24911666666666665,0.3880166666666666
2025-05-27 09:35:00,48.5856,0.24941666666666668,0.38794999999999996
2025-05-27 09:36:00,48.8598,0.2509166666666667,0.3879499999999999
2025-05-27 09:37:00,49.00718333333333,0.2516833333333333,0.38786666666666664
2025-05-27 09:38:00,49.187149999999995,0.25248333333333334,0.38786666666666664
2025-05-27 09:39:00,49.3519,0.25325000000000003,0.3878666666666667
2025-05-27 09:40:00,49.40428333333334,0.25343333333333334,0.3878666666666667
2025-05-27 09:41:00,49.512299999999996,0.25398333333333334,0.3879333333333333
2025-05-27 09:42:00,49.6421,0.25471666666666665,0.3879333333333333
2025-05-27 09:43:00,49.793866666666666,0.2554666666666666,0.38799999999999996
2025-05-27 09:44:00,49.93536666666667,0.2562666666666667,0.3880666666666666
2025-05-27 09:45:00,50.041516666666666,0.2569166666666667,0.3880666666666666
2025-05-27 09:46:00,50.12211666666667,0.25736666666666663,0.38813333333333333
2025-05-27 09:47:00,50.28488333333333,0.2583333333333333,0.3882
2025-05-27 09:48:00,50.45243333333333,0.2593333333333333,0.3882
2025-05-27 09:49:00,50.633116666666666,0.2603,0.38826666666666665
2025-05-27 09:50:00,50.881483333333335,0.26165000000000005,0.3883333333333333
2025-05-27 09:51:00,51.11653333333334,0.26298333333333335,0.38826666666666665
2025-05-27 09:52:00,51.148900000000005,0.26316666666666666,0.38826666666666665
2025-05-27 09:53:00,51.095683333333334,0.2629666666666667,0.38826666666666665
2025-05-27 09:54:00,51.0454,0.2627833333333333,0.38826666666666665
2025-05-27 09:55:00,51.13801666666667,0.26335000000000003,0.3883333333333333
2025-05-27 09:56:00,51.19071666666666,0.26375000000000004,0.3883333333333333
2025-05-27 09:57:00,51.28546666666667,0.26433333333333336,0.38839999999999997
2025-05-27 09:58:00,51.04956666666667,0.2632,0.38839999999999997
2025-05-27 09:59:00,50.719633333333334,0.26148333333333335,0.38839999999999997
2025-05-27 10:00:00,50.604616666666665,0.26093333333333335,0.38839999999999997
2025-05-27 10:01:00,50.63575,0.26116666666666666,0.3883333333333333
2025-05-27 10:02:00,50.856566666666666,0.2623666666666667,0.3883333333333333
2025-05-27 10:03:00,51.123466666666666,0.26393333333333335,0.38826666666666665
2025-05-27 10:04:00,51.2614,0.26471666666666666,0.3882
2025-05-27 10:05:00,51.3292,0.26505,0.3882
2025-05-27 10:06:00,51.33946666666667,0.26515,0.3880666666666666
2025-05-27 10:07:00,51.38870000000001,0.26526666666666665,0.38799999999999996
2025-05-27 10:08:00,51.45550000000001,0.26536666666666664,0.3880833333333333
2025-05-27 10:09:00,51.605450000000005,0.2660666666666667,0.3880166666666666
2025-05-27 10:10:00,51.57280000000001,0.2658333333333333,0.3878833333333333
2025-05-27 10:11:00,51.47773333333333,0.2651833333333333,0.38781666666666664
2025-05-27 10:12:00,51.40818333333333,0.26475,0.3878333333333333
2025-05-27 10:13:00,51.15838333333333,0.2633166666666667,0.38776666666666665
2025-05-27 10:14:00,50.85185,0.26161666666666666,0.3877
2025-05-27 10:15:00,50.69798333333333,0.26066666666666666,0.38771666666666665
2025-05-27 10:16:00,50.56543333333334,0.2599166666666667,0.38765
2025-05-27 10:17:00,50.58955,0.26011666666666666,0.3875166666666666
2025-05-27 10:18:00,50.880849999999995,0.26165000000000005,0.38753333333333334
2025-05-27 10:19:00,51.10071666666666,0.26283333333333336,0.38754999999999995
2025-05-27 10:20:00,51.11305,0.26283333333333336,0.38756666666666667
2025-05-27 10:21:00,51.02151666666667,0.2622333333333333,0.38758333333333334
2025-05-27 10:22:00,50.777750000000005,0.2608666666666667,0.3876
2025-05-27 10:23:00,50.542950000000005,0.25949999999999995,0.38761666666666666
2025-05-27 10:24:00,50.44103333333334,0.2588833333333333,0.3876333333333334
2025-05-27 10:25:00,50.41266666666667,0.2586833333333333,0.38765
2025-05-27 10:26:00,50.489850000000004,0.25915,0.3877333333333334
2025-05-27 10:27:00,50.58561666666667,0.25976666666666665,0.3878166666666667
2025-05-27 10:28:00,50.55866666666667,0.25986666666666663,0.38775
2025-05-27 10:29:00,50.34406666666667,0.2587666666666667,0.38783333333333336
2025-05-27 10:30:00,50.22996666666667,0.25821666666666665,0.38783333333333336
2025-05-27 10:31:00,50.059766666666675,0.2572833333333333,0.3879166666666667
2025-05-27 10:32:00,49.95623333333334,0.2567,0.3879166666666667
2025-05-27 10:33:00,50.134550000000004,0.25771666666666665,0.38783333333333336
2025-05-27 10:34:00,50.38465,0.25894999999999996,0.38783333333333336
2025-05-27 10:35:00,50.475416666666675,0.2594166666666667,0.38775000000000004
2025-05-27 10:36:00,50.61141666666667,0.2601,0.38775000000000004
2025-05-27 10:37:00,50.50086666666667,0.25948333333333334,0.38775000000000004
2025-05-27 10:38:00,50.25840000000001,0.2583,0.3876666666666667
2025-05-27 10:39:00,50.16441666666667,0.2579166666666667,0.3875833333333334
2025-05-27 10:40:00,50.17206666666667,0.25808333333333333,0.3874166666666667
2025-05-27 10:41:00,50.16181666666667,0.25808333333333333,0.38733333333333336
2025-05-27 10:42:00,50.301033333333336,0.2588666666666667,0.3871666666666667
2025-05-27 10:43:00,50.32336666666667,0.25908333333333333,0.387
2025-05-27 10:44:00,50.37345,0.2595166666666667,0.3868333333333333
2025-05-27 10:45:00,50.45401666666667,0.26011666666666666,0.3866666666666667
2025-05-27 10:46:00,50.5454,0.2606833333333333,0.3865
2025-05-27 10:47:00,50.60576666666667,0.26108333333333333,0.3863333333333333
2025-05-27 10:48:00,50.628033333333335,0.26125000000000004,0.38616666666666666
2025-05-27 10:49:00,50.788066666666666,0.26221666666666665,0.386
2025-05-27 10:50:00,50.8772,0.2628,0.38591666666666663
2025-05-27 10:51:00,51.16928333333333,0.26455,0.38575
2025-05-27 10:52:00,51.55838333333334,0.26688333333333336,0.3855166666666667
2025-05-27 10:53:00,51.79496666666667,0.26825,0.3855166666666666
2025-05-27 10:54:00,51.86148333333334,0.26890000000000003,0.38536666666666664
2025-05-27 10:55:00,51.91111666666667,0.26936666666666664,0.3852833333333333
2025-05-27 10:56:00,51.92258333333333,0.26958333333333334,0.38519999999999993
2025-05-27 10:57:00,52.06826666666667,0.27053333333333335,0.38504999999999995
2025-05-27 10:58:00,52.266083333333334,0.27166666666666667,0.3848999999999999
2025-05-27 10:59:00,52.41383333333333,0.27254999999999996,0.3847499999999999
2025-05-27 11:00:00,52.45828333333333,0.2728666666666667,0.38468333333333327
2025-05-27 11:01:00,52.445933333333336,0.2729833333333333,0.3845333333333333
2025-05-27 11:02:00,52.36913333333333,0.27274999999999994,0.38439999999999996
2025-05-27 11:03:00,52.43351666666666,0.2732833333333333,0.38426666666666665
2025-05-27 11:04:00,52.50971666666667,0.2738333333333333,0.3841333333333333
2025-05-27 11:05:00,52.55543333333334,0.27415,0.38399999999999995
2025-05-27 11:06:00,52.498866666666665,0.27386666666666665,0.3838666666666666
2025-05-27 11:07:00,52.342866666666666,0.273,0.38373333333333326
2025-05-27 11:08:00,52.01395,0.27131666666666665,0.3835166666666666
2025-05-27 11:09:00,51.82715,0.27053333333333335,0.3832999999999999
2025-05-27 11:10:00,51.51001666666667,0.26898333333333335,0.38308333333333333
2025-05-27 11:11:00,51.172716666666666,0.26725,0.3829499999999999
2025-05-27 11:12:00,50.998450000000005,0.2662833333333333,0.38288333333333324
2025-05-27 11:13:00,50.88673333333334,0.26585000000000003,0.3825833333333333
2025-05-27 11:14:00,50.981100000000005,0.26636666666666664,0.3824333333333333
2025-05-27 11:15:00,50.939750000000004,0.26635,0.38213333333333327
2025-05-27 11:16:00,50.650816666666664,0.265,0.3818333333333333
2025-05-27 11:17:00,50.21171666666667,0.26275,0.38159999999999994
2025-05-27 11:18:00,49.767916666666665,0.2604,0.38144999999999996
2025-05-27 11:19:00,49.24716666666667,0.25766666666666665,0.38121666666666665
2025-05-27 11:20:00,48.9982,0.2564166666666666,0.38098333333333334
2025-05-27 11:21:00,48.90068333333333,0.25611666666666666,0.38075
2025-05-27 11:22:00,48.84128333333333,0.25593333333333335,0.38058333333333333
2025-05-27 11:23:00,48.7073,0.2553666666666667,0.3804166666666666
2025-05-27 11:24:00,48.51988333333334,0.25435,0.3803333333333333
2025-05-27 11:25:00,48.46265,0.2541833333333333,0.38008333333333333
2025-05-27 11:26:00,48.38318333333333,0.25383333333333336,0.3799166666666667
2025-05-27 11:27:00,48.42323333333333,0.2543,0.37975
2025-05-27 11:28:00,48.67608333333333,0.25579999999999997,0.37975
2025-05-27 11:29:00,48.61053333333333,0.25543333333333335,0.3796666666666667
2025-05-27 11:30:00,48.739983333333335,0.25621666666666665,0.3795833333333333
2025-05-27 11:31:00,48.929449999999996,0.25736666666666663,0.3794166666666667
2025-05-27 11:32:00,48.856,0.25715000000000005,0.37925
2025-05-27 11:33:00,48.88314999999999,0.25736666666666663,0.37925
2025-05-27 11:34:00,48.73018333333333,0.25660000000000005,0.37916666666666665
2025-05-27 11:35:00,48.67163333333333,0.2562,0.3791666666666667
2025-05-27 11:36:00,48.71671666666666,0.25634999999999997,0.37916666666666665
2025-05-27 11:37:00,48.92926666666666,0.25743333333333335,0.3791666666666667
2025-05-27 11:38:00,49.19848333333333,0.25903333333333334,0.3790833333333333
2025-05-27 11:39:00,49.5512,0.261,0.3790833333333333
2025-05-27 11:40:00,49.91373333333333,0.26308333333333334,0.3790833333333333
2025-05-27 11:41:00,50.15906666666667,0.26441666666666663,0.3790833333333333
2025-05-27 11:42:00,50.33781666666667,0.2654166666666667,0.3790833333333333
2025-05-27 11:43:00,50.53306666666667,0.26639999999999997,0.3790833333333333
2025-05-27 11:44:00,50.709483333333324,0.26739999999999997,0.379
2025-05-27 11:45:00,50.719116666666665,0.26739999999999997,0.3790833333333333
2025-05-27 11:46:00,50.71203333333333,0.26741666666666664,0.3790833333333333
2025-05-27 11:47:00,50.668833333333325,0.26721666666666666,0.3790833333333333
2025-05-27 11:48:00,50.5834,0.2667833333333333,0.379
2025-05-27 11:49:00,50.61146666666666,0.2668833333333333,0.379
2025-05-27 11:50:00,50.65178333333333,0.267,0.379
2025-05-27 11:51:00,50.47446666666666,0.26595,0.379
2025-05-27 11:52:00,50.450133333333326,0.26575,0.379
2025-05-27 11:53:00,50.35075,0.26516666666666666,0.379
2025-05-27 11:54:00,50.285,0.26483333333333337,0.379
2025-05-27 11:55:00,50.117016666666665,0.2638333333333333,0.379
2025-05-27 11:56:00,49.94616666666666,0.26281666666666664,0.379
2025-05-27 11:57:00,49.649499999999996,0.26116666666666666,0.379
2025-05-27 11:58:00,49.409299999999995,0.2596833333333333,0.379
2025-05-27 11:59:00,49.20103333333333,0.25845,0.379
2025-05-27 12:00:00,48.96768333333333,0.25703333333333334,0.3790833333333333
2025-05-27 12:01:00,48.75798333333333,0.25585,0.3790833333333333
2025-05-27 12:02:00,48.47138333333333,0.2543333333333333,0.3790833333333333
2025-05-27 12:03:00,48.33171666666666,0.2536,0.37916666666666665
2025-05-27 12:04:00,48.21345,0.25301666666666667,0.3791666666666667
2025-05-27 12:05:00,48.207966666666664,0.25305,0.3792333333333333
2025-05-27 12:06:00,48.35473333333333,0.2537666666666667,0.37938333333333335
2025-05-27 12:07:00,48.44383333333333,0.25403333333333333,0.37953333333333333
2025-05-27 12:08:00,48.5894,0.25478333333333336,0.37960000000000005
2025-05-27 12:09:00,48.571466666666666,0.25455,0.37975
2025-05-27 12:10:00,48.58956666666667,0.25456666666666666,0.3799
2025-05-27 12:11:00,48.744733333333336,0.25535,0.38005
2025-05-27 12:12:00,48.73041666666667,0.2552,0.3801333333333333
2025-05-27 12:13:00,48.823116666666664,0.25549999999999995,0.38036666666666663
2025-05-27 12:14:00,48.73774999999999,0.2549,0.38053333333333333
2025-05-27 12:15:00,48.762899999999995,0.25495,0.38076666666666664
2025-05-27 12:16:00,48.86858333333333,0.25543333333333335,0.38093333333333335
2025-05-27 12:17:00,48.97905,0.25583333333333336,0.38116666666666665
2025-05-27 12:18:00,48.9569,0.2556166666666667,0.3814
2025-05-27 12:19:00,48.95701666666666,0.2554166666666667,0.3816333333333333
2025-05-27 12:20:00,48.68335,0.2538666666666667,0.38171666666666665
2025-05-27 12:21:00,48.51086666666667,0.2528,0.38188333333333335
2025-05-27 12:22:00,48.496733333333324,0.2524833333333333,0.38211666666666666
2025-05-27 12:23:00,48.491566666666664,0.25223333333333336,0.38226666666666664
2025-05-27 12:24:00,48.707116666666664,0.2531333333333333,0.38249999999999995
2025-05-27 12:25:00,48.7907,0.25326666666666664,0.38266666666666665
2025-05-27 12:26:00,48.8173,0.25326666666666664,0.38275
2025-05-27 12:27:00,48.770516666666666,0.25295,0.3828333333333333
2025-05-27 12:28:00,48.65098333333333,0.25201666666666667,0.38299999999999995
2025-05-27 12:29:00,48.704566666666665,0.2522833333333333,0.38308333333333333
2025-05-27 12:30:00,48.62746666666667,0.25175000000000003,0.38316666666666666
2025-05-27 12:31:00,48.6825,0.25196666666666667,0.38325
2025-05-27 12:32:00,48.677550000000004,0.25193333333333334,0.38339999999999996
2025-05-27 12:33:00,48.54651666666667,0.25128333333333336,0.3834
2025-05-27 12:34:00,48.495983333333335,0.25098333333333334,0.3834666666666667
2025-05-27 12:35:00,48.38256666666667,0.25038333333333335,0.3834666666666667
2025-05-27 12:36:00,48.32351666666666,0.2500833333333333,0.38353333333333334
2025-05-27 12:37:00,48.43945,0.2508,0.38353333333333334
2025-05-27 12:38:00,48.65428333333334,0.25203333333333333,0.38353333333333334
2025-05-27 12:39:00,48.868550000000006,0.2534166666666667,0.38353333333333334
2025-05-27 12:40:00,49.28175,0.25578333333333336,0.3836
2025-05-27 12:41:00,49.48793333333333,0.25701666666666667,0.3835833333333333
2025-05-27 12:42:00,49.57299999999999,0.2575,0.3835
2025-05-27 12:43:00,49.59675,0.2576333333333333,0.38341666666666663
2025-05-27 12:44:00,49.30181666666666,0.25608333333333333,0.3833333333333333
2025-05-27 12:45:00,49.134,0.2553166666666667,0.38325
2025-05-27 12:46:00,48.841516666666664,0.25388333333333335,0.38316666666666666
2025-05-27 12:47:00,48.51911666666667,0.25216666666666665,0.38308333333333333
2025-05-27 12:48:00,48.3363,0.25129999999999997,0.383
2025-05-27 12:49:00,48.1484,0.2502,0.3829166666666667
2025-05-27 12:50:00,48.10758333333333,0.2499,0.3828333333333333
2025-05-27 12:51:00,48.02206666666667,0.24945,0.38275
2025-05-27 12:52:00,48.083099999999995,0.2495,0.38275
2025-05-27 12:53:00,48.18991666666666,0.24986666666666668,0.3827499999999999
2025-05-27 12:54:00,48.30805,0.25044999999999995,0.3827499999999999
2025-05-27 12:55:00,48.51926666666667,0.25151666666666667,0.3827499999999999
2025-05-27 12:56:00,48.75875,0.2528666666666667,0.3827499999999999
2025-05-27 12:57:00,49.00795,0.25416666666666665,0.3828999999999999
2025-05-27 12:58:00,49.22248333333333,0.25521666666666665,0.38304999999999995
2025-05-27 12:59:00,49.415049999999994,0.25603333333333333,0.38319999999999993
2025-05-27 13:00:00,49.59226666666667,0.25651666666666667,0.3834333333333333
2025-05-27 13:01:00,49.74561666666666,0.2568666666666667,0.38375
2025-05-27 13:02:00,50.018950000000004,0.2579166666666667,0.38413333333333327
2025-05-27 13:03:00,50.192683333333335,0.2585,0.3845166666666666
2025-05-27 13:04:00,50.43,0.2595166666666667,0.38489999999999996
2025-05-27 13:05:00,50.62791666666667,0.2603,0.3852833333333333
2025-05-27 13:06:00,50.775933333333334,0.26081666666666664,0.3857499999999999
2025-05-27 13:07:00,51.1358,0.26255,0.38621666666666665
2025-05-27 13:08:00,51.554966666666665,0.26455,0.38668333333333327
2025-05-27 13:09:00,52.08181666666667,0.26716666666666666,0.38721666666666665
2025-05-27 13:10:00,52.58701666666667,0.26965,0.38775
2025-05-27 13:11:00,52.99675,0.27158333333333334,0.3882833333333333
2025-05-27 13:12:00,53.32718333333334,0.2732,0.3888166666666667
2025-05-27 13:13:00,53.577,0.2743,0.38935
2025-05-27 13:14:00,53.87221666666667,0.27558333333333335,0.38995
2025-05-27 13:15:00,54.156933333333335,0.27690000000000003,0.39048333333333335
2025-05-27 13:16:00,54.31868333333333,0.27745,0.391
2025-05-27 13:17:00,54.37781666666666,0.27751666666666663,0.3913666666666667
2025-05-27 13:18:00,54.47285000000001,0.27773333333333333,0.3917333333333334
2025-05-27 13:19:00,54.59976666666667,0.2781333333333333,0.39218333333333333
2025-05-27 13:20:00,54.612,0.27806666666666663,0.39261666666666667
2025-05-27 13:21:00,54.52674999999999,0.27759999999999996,0.3929833333333333
2025-05-27 13:22:00,54.40356666666666,0.27695,0.3932833333333333
2025-05-27 13:23:00,54.2759,0.2762833333333333,0.3935166666666666
2025-05-27 13:24:00,54.200300000000006,0.27573333333333333,0.3938333333333333
2025-05-27 13:25:00,54.15708333333333,0.2754,0.39414999999999994
2025-05-27 13:26:00,54.194566666666674,0.2754166666666667,0.39445
2025-05-27 13:27:00,54.064166666666665,0.2745833333333333,0.39468333333333333
2025-05-27 13:28:00,53.81603333333332,0.2731166666666667,0.3949166666666667
2025-05-27 13:29:00,53.45638333333333,0.27115,0.39508333333333334
2025-05-27 13:30:00,52.86591666666667,0.26803333333333335,0.39525
2025-05-27 13:31:00,52.20211666666667,0.26454999999999995,0.39541666666666664
2025-05-27 13:32:00,51.681016666666665,0.26195,0.39541666666666664
2025-05-27 13:33:00,51.16303333333333,0.25939999999999996,0.39541666666666664
2025-05-27 13:34:00,50.76135,0.25735,0.39541666666666664
2025-05-27 13:35:00,50.41968333333334,0.2554666666666666,0.3954833333333333
2025-05-27 13:36:00,50.05393333333333,0.25345,0.3955666666666667
2025-05-27 13:37:00,49.67305,0.25138333333333335,0.39564999999999995
2025-05-27 13:38:00,49.375933333333336,0.24971666666666667,0.3957333333333333
2025-05-27 13:39:00,49.10688333333333,0.24836666666666668,0.39564999999999995
2025-05-27 13:40:00,48.9189,0.24753333333333333,0.39549999999999996
2025-05-27 13:41:00,48.95336666666667,0.24775,0.3955
2025-05-27 13:42:00,49.00656666666667,0.24820000000000003,0.39541666666666664
2025-05-27 13:43:00,48.99106666666667,0.2482666666666667,0.3954
2025-05-27 13:44:00,49.12771666666667,0.2491833333333333,0.3953
2025-05-27 13:45:00,49.2328,0.2497333333333333,0.3952833333333333
2025-05-27 13:46:00,49.36280000000001,0.2504833333333333,0.39519999999999994
2025-05-27 13:47:00,49.62061666666666,0.2519,0.39518333333333333
2025-05-27 13:48:00,49.771033333333335,0.2527666666666667,0.3951666666666666
2025-05-27 13:49:00,49.9582,0.25376666666666664,0.39515
2025-05-27 13:50:00,50.2949,0.2555666666666666,0.39505
2025-05-27 13:51:00,50.66356666666667,0.25738333333333335,0.3950166666666667
2025-05-27 13:52:00,51.06356666666666,0.2592833333333333,0.3950666666666667
2025-05-27 13:53:00,51.62311666666666,0.26206666666666667,0.39511666666666667
2025-05-27 13:54:00,52.16878333333333,0.26485,0.3951
2025-05-27 13:55:00,52.838566666666665,0.26836666666666664,0.39508333333333334
2025-05-27 13:56:00,53.45491666666667,0.2716333333333333,0.3950666666666667
2025-05-27 13:57:00,54.0107,0.27455,0.39505
2025-05-27 13:58:00,54.332483333333336,0.2763333333333333,0.3950333333333333
2025-05-27 13:59:00,54.44648333333333,0.2768333333333334,0.3951
2025-05-27 14:00:00,54.500766666666664,0.277,0.39516666666666667
2025-05-27 14:01:00,54.566250000000004,0.27721666666666667,0.3950833333333333
2025-05-27 14:02:00,54.610200000000006,0.27725,0.3950166666666666
2025-05-27 14:03:00,54.71071666666667,0.27755,0.39495
2025-05-27 14:04:00,54.72798333333334,0.2774166666666667,0.3948833333333333
2025-05-27 14:05:00,54.863,0.278,0.39473333333333327
2025-05-27 14:06:00,54.93300000000001,0.27825,0.39458333333333334
2025-05-27 14:07:00,54.924400000000006,0.27818333333333334,0.3944333333333333
2025-05-27 14:08:00,54.94558333333333,0.27835,0.3942
2025-05-27 14:09:00,54.9879,0.2786666666666667,0.39404999999999996
2025-05-27 14:10:00,55.00084999999999,0.27885,0.3939
2025-05-27 14:11:00,54.997816666666665,0.2790166666666667,0.3936833333333333
2025-05-27 14:12:00,54.801316666666665,0.27813333333333334,0.39346666666666663
2025-05-27 14:13:00,54.462666666666664,0.2764833333333333,0.39325
2025-05-27 14:14:00,54.048883333333336,0.2744666666666667,0.3930333333333333
2025-05-27 14:15:00,53.461466666666674,0.27151666666666674,0.39281666666666665
2025-05-27 14:16:00,52.9653,0.26901666666666674,0.39259999999999995
2025-05-27 14:17:00,52.6509,0.26749999999999996,0.3923833333333333
2025-05-27 14:18:00,52.3163,0.26593333333333335,0.3921
2025-05-27 14:19:00,52.17453333333333,0.2653666666666667,0.39181666666666665
2025-05-27 14:20:00,52.16148333333333,0.26539999999999997,0.3916
2025-05-27 14:21:00,52.10078333333333,0.2652166666666667,0.39138333333333336
2025-05-27 14:22:00,52.07991666666667,0.26521666666666666,0.3912333333333333
2025-05-27 14:23:00,52.158950000000004,0.2658,0.3910166666666667
2025-05-27 14:24:00,51.989,0.26505,0.3908666666666667
2025-05-27 14:25:00,51.4962,0.26270000000000004,0.39065000000000005
2025-05-27 14:26:00,51.12163333333333,0.26105,0.39035000000000003
2025-05-27 14:27:00,50.71345,0.2591,0.39005
2025-05-27 14:28:00,50.46318333333333,0.25798333333333334,0.38983333333333337
2025-05-27 14:29:00,50.2873,0.2573166666666667,0.3894666666666667
2025-05-27 14:30:00,50.19755,0.25703333333333334,0.3891833333333333
2025-05-27 14:31:00,50.20185,0.2573166666666667,0.3889
2025-05-27 14:32:00,50.345683333333334,0.25843333333333335,0.38853333333333334
2025-05-27 14:33:00,50.509550000000004,0.25955000000000006,0.38825000000000004
2025-05-27 14:34:00,50.79448333333333,0.2612,0.38803333333333334
2025-05-27 14:35:00,51.11618333333333,0.2630166666666667,0.3878166666666667
2025-05-27 14:36:00,51.37175,0.26456666666666667,0.3875166666666667
2025-05-27 14:37:00,51.543683333333334,0.2657,0.3871333333333334
2025-05-27 14:38:00,51.73401666666666,0.26693333333333336,0.3868166666666667
2025-05-27 14:39:00,51.85893333333333,0.268,0.38643333333333335
2025-05-27 14:40:00,51.86153333333333,0.26845,0.38598333333333334
2025-05-27 14:41:00,51.88505,0.2689833333333333,0.3856
2025-05-27 14:42:00,51.97193333333333,0.2698333333333333,0.38521666666666665
2025-05-27 14:43:00,51.9443,0.2699666666666667,0.3849
2025-05-27 14:44:00,52.2334,0.2717833333333333,0.3845166666666667
2025-05-27 14:45:00,52.685500000000005,0.2744,0.38411666666666666
2025-05-27 14:46:00,52.93951666666667,0.2760166666666667,0.3838
2025-05-27 14:47:00,53.34405,0.2784,0.3834833333333333
2025-05-27 14:48:00,53.60861666666666,0.27995,0.38316666666666666
2025-05-27 14:49:00,53.67528333333333,0.2805666666666667,0.38283333333333336
2025-05-27 14:50:00,53.65053333333333,0.28076666666666666,0.38243333333333335
2025-05-27 14:51:00,53.59625,0.2807833333333333,0.3821
2025-05-27 14:52:00,53.533366666666666,0.2808,0.3817833333333333
2025-05-27 14:53:00,53.521899999999995,0.2811833333333333,0.3813833333333333
2025-05-27 14:54:00,53.4612,0.2814,0.3809166666666667
2025-05-27 14:55:00,53.35238333333333,0.28145,0.3803833333333333
2025-05-27 14:56:00,53.2442,0.2813333333333333,0.38
2025-05-27 14:57:00,52.997816666666665,0.2804833333333333,0.3796333333333333
2025-05-27 14:58:00,52.86176666666667,0.2801333333333333,0.37926666666666664
2025-05-27 14:59:00,52.64346666666667,0.2792,0.3789666666666667
2025-05-27 15:00:00,52.48003333333334,0.2786333333333333,0.3786666666666666
2025-05-27 15:01:00,52.40585,0.2786,0.37821666666666665
2025-05-27 15:02:00,52.19128333333333,0.2778333333333333,0.37783333333333335
2025-05-27 15:03:00,52.10119999999999,0.27769999999999995,0.37744999999999995
2025-05-27 15:04:00,51.830266666666674,0.27665,0.37706666666666666
2025-05-27 15:05:00,51.48513333333333,0.2752833333333333,0.3767
2025-05-27 15:06:00,51.28553333333333,0.27454999999999996,0.3763333333333333
2025-05-27 15:07:00,50.967483333333334,0.27323333333333333,0.37596666666666667
2025-05-27 15:08:00,50.715466666666664,0.27226666666666666,0.3756
2025-05-27 15:09:00,50.47410000000001,0.27126666666666666,0.3752333333333333
2025-05-27 15:10:00,50.28263333333333,0.27041666666666664,0.3749333333333333
2025-05-27 15:11:00,50.20493333333333,0.27015,0.37456666666666666
2025-05-27 15:12:00,49.942366666666665,0.26894999999999997,0.37411666666666665
2025-05-27 15:13:00,49.80931666666666,0.26835,0.3737333333333333
2025-05-27 15:14:00,49.69513333333333,0.26796666666666663,0.37334999999999996
2025-05-27 15:15:00,49.5923,0.26758333333333334,0.37303333333333333
2025-05-27 15:16:00,49.615899999999996,0.2679166666666667,0.37265
2025-05-27 15:17:00,49.80898333333333,0.26918333333333333,0.37224999999999997
2025-05-27 15:18:00,49.80023333333334,0.2693333333333333,0.37185
2025-05-27 15:19:00,49.86768333333334,0.2698833333333333,0.3715333333333333
2025-05-27 15:20:00,49.874633333333335,0.27026666666666666,0.37106666666666666
2025-05-27 15:21:00,49.71183333333333,0.26973333333333327,0.37075
2025-05-27 15:22:00,49.57953333333334,0.26938333333333336,0.3703666666666666
2025-05-27 15:23:00,49.31868333333334,0.2684666666666667,0.3699
2025-05-27 15:24:00,49.100550000000005,0.26771666666666666,0.36943333333333334
2025-05-27 15:25:00,49.0334,0.2677,0.3690333333333333
2025-05-27 15:26:00,48.95958333333333,0.2677,0.36856666666666665
2025-05-27 15:27:00,48.999249999999996,0.2682833333333333,0.3681
2025-05-27 15:28:00,49.138416666666664,0.26948333333333335,0.3676333333333333
2025-05-27 15:29:00,49.30155,0.27068333333333333,0.36724999999999997
2025-05-27 15:30:00,49.46335,0.2719166666666667,0.3668666666666667
2025-05-27 15:31:00,49.44071666666666,0.2721666666666666,0.3664833333333333
2025-05-27 15:32:00,49.41121666666667,0.2722,0.36625
2025-05-27 15:33:00,49.178333333333335,0.2712833333333333,0.36595
2025-05-27 15:34:00,48.82371666666667,0.26958333333333334,0.36565
2025-05-27 15:35:00,48.4691,0.26788333333333336,0.36534999999999995
2025-05-27 15:36:00,47.970083333333335,0.2654166666666667,0.36505
2025-05-27 15:37:00,47.44404999999999,0.2627333333333334,0.3648333333333333
2025-05-27 15:38:00,47.09988333333333,0.26105,0.36461666666666664
2025-05-27 15:39:00,46.723366666666664,0.2592333333333333,0.3643166666666667
2025-05-27 15:40:00,46.36073333333333,0.25733333333333336,0.36416666666666664
2025-05-27 15:41:00,46.2094,0.25650000000000006,0.36401666666666666
2025-05-27 15:42:00,46.03679999999999,0.2556333333333333,0.3638
2025-05-27 15:43:00,45.94799999999999,0.2551333333333333,0.3636666666666667
2025-05-27 15:44:00,45.92233333333333,0.25508333333333333,0.3635333333333333
2025-05-27 15:45:00,45.793083333333335,0.25448333333333334,0.3633333333333333
2025-05-27 15:46:00,45.74816666666667,0.2542833333333333,0.3632666666666667
2025-05-27 15:47:00,45.62328333333333,0.2537,0.36319999999999997
2025-05-27 15:48:00,45.346900000000005,0.25215,0.3632
2025-05-27 15:49:00,45.1419,0.2511333333333333,0.3631333333333333
2025-05-27 15:50:00,44.91276666666667,0.24993333333333334,0.36306666666666665
2025-05-27 15:51:00,44.680150000000005,0.24875000000000003,0.363
2025-05-27 15:52:00,44.57873333333333,0.24833333333333335,0.3629333333333333
2025-05-27 15:53:00,44.55811666666666,0.24831666666666669,0.36286666666666667
2025-05-27 15:54:00,44.625,0.24889999999999998,0.3627333333333333
2025-05-27 15:55:00,44.7108,0.24948333333333333,0.3626666666666667
2025-05-27 15:56:00,44.86795,0.25048333333333334,0.3626
2025-05-27 15:57:00,44.9984,0.2513333333333333,0.3625333333333333
2025-05-27 15:58:00,45.14881666666667,0.2523,0.36246666666666666
2025-05-27 15:59:00,45.39175,0.25373333333333337,0.3623333333333333
2025-05-27 16:00:00,45.71255,0.25561666666666666,0.36219999999999997
2025-05-27 16:01:00,45.80318333333334,0.25621666666666665,0.36206666666666665
2025-05-27 16:02:00,46.01973333333333,0.25739999999999996,0.362
2025-05-27 16:03:00,46.149366666666666,0.25825000000000004,0.36193333333333333
2025-05-27 16:04:00,46.256883333333334,0.2588666666666667,0.36193333333333333
2025-05-27 16:05:00,46.38715,0.25966666666666666,0.36191666666666666
2025-05-27 16:06:00,46.480266666666665,0.2602666666666667,0.36185
2025-05-27 16:07:00,46.537166666666664,0.2607,0.3617666666666667
2025-05-27 16:08:00,46.61944999999999,0.2613,0.3617
2025-05-27 16:09:00,46.740433333333335,0.26211666666666666,0.36163333333333336
2025-05-27 16:10:00,46.714816666666664,0.26213333333333333,0.36156666666666665
2025-05-27 16:11:00,46.87995,0.26306666666666667,0.3615
2025-05-27 16:12:00,47.02095,0.2638166666666667,0.3614333333333334
2025-05-27 16:13:00,47.1997,0.26476666666666665,0.36136666666666667
2025-05-27 16:14:00,47.21191666666667,0.26475,0.36136666666666667
2025-05-27 16:15:00,47.193,0.26475,0.36129999999999995
2025-05-27 16:16:00,47.174083333333336,0.26475,0.36123333333333335
2025-05-27 16:17:00,47.2296,0.26511666666666667,0.3611666666666667
2025-05-27 16:18:00,47.247566666666664,0.2652333333333333,0.3611
2025-05-27 16:19:00,47.22154999999999,0.2649833333333333,0.3611666666666667
2025-05-27 16:20:00,47.08746666666667,0.26413333333333333,0.36123333333333335
2025-05-27 16:21:00,47.078250000000004,0.26405,0.36129999999999995
2025-05-27 16:22:00,46.96575,0.2634666666666666,0.36136666666666667
2025-05-27 16:23:00,46.782583333333335,0.2623833333333333,0.36135
2025-05-27 16:24:00,46.65136666666667,0.26153333333333334,0.36143333333333333
2025-05-27 16:25:00,46.50533333333333,0.2605833333333333,0.36160000000000003
2025-05-27 16:26:00,46.356966666666665,0.25963333333333327,0.36175
2025-05-27 16:27:00,46.36586666666666,0.25945,0.3619833333333333
2025-05-27 16:28:00,46.400533333333335,0.25948333333333334,0.3621333333333333
2025-05-27 16:29:00,46.4872,0.25966666666666666,0.36235
2025-05-27 16:30:00,46.73008333333333,0.26061666666666666,0.36265000000000003
2025-05-27 16:31:00,46.82191666666667,0.26080000000000003,0.36295
2025-05-27 16:32:00,46.97878333333334,0.2613833333333333,0.36324999999999996
2025-05-27 16:33:00,47.058949999999996,0.26156666666666667,0.36355
2025-05-27 16:34:00,47.249183333333335,0.26231666666666664,0.36385
2025-05-27 16:35:00,47.36305,0.2624833333333333,0.36423333333333335
2025-05-27 16:36:00,47.2529,0.2614833333333333,0.3645333333333333
2025-05-27 16:37:00,46.97155,0.25953333333333334,0.36483333333333334
2025-05-27 16:38:00,46.73446666666667,0.25788333333333335,0.36513333333333337
2025-05-27 16:39:00,46.67033333333333,0.25738333333333335,0.3653666666666667
2025-05-27 16:40:00,46.821349999999995,0.25806666666666667,0.36560000000000004
2025-05-27 16:41:00,46.982166666666664,0.25875,0.36583333333333334
2025-05-27 16:42:00,47.13966666666666,0.25938333333333335,0.36606666666666665
2025-05-27 16:43:00,47.40636666666667,0.26066666666666666,0.36638333333333334
2025-05-27 16:44:00,47.6023,0.26171666666666665,0.3665333333333333
2025-05-27 16:45:00,47.8816,0.2632333333333333,0.3666
2025-05-27 16:46:00,48.1449,0.26453333333333334,0.36675
2025-05-27 16:47:00,48.285266666666665,0.2652833333333333,0.36675
2025-05-27 16:48:00,48.358066666666666,0.26563333333333333,0.36675
2025-05-27 16:49:00,48.32305,0.26525000000000004,0.36691666666666667
2025-05-27 16:50:00,48.331450000000004,0.26526666666666665,0.36698333333333333
2025-05-27 16:51:00,48.37406666666667,0.26548333333333335,0.36705
2025-05-27 16:52:00,48.2874,0.26488333333333336,0.3672
2025-05-27 16:53:00,48.231833333333334,0.2643833333333333,0.36734999999999995
2025-05-27 16:54:00,48.165166666666664,0.26378333333333337,0.3675
2025-05-27 16:55:00,48.209066666666665,0.26385000000000003,0.36756666666666665
2025-05-27 16:56:00,48.51356666666667,0.2653,0.36771666666666664
2025-05-27 16:57:00,49.08855,0.26831666666666665,0.3678666666666667
2025-05-27 16:58:00,49.70871666666667,0.27165,0.36801666666666666
2025-05-27 16:59:00,50.07281666666667,0.27349999999999997,0.3682333333333333
2025-05-27 17:00:00,50.3547,0.2748833333333333,0.36845
2025-05-27 17:01:00,50.325266666666664,0.27453333333333335,0.36866666666666664
2025-05-27 17:02:00,50.14658333333334,0.2732,0.3689666666666666
2025-05-27 17:03:00,49.9394,0.27175,0.3691833333333333
2025-05-27 17:04:00,49.576566666666665,0.26949999999999996,0.3693166666666666
2025-05-27 17:05:00,49.13791666666667,0.26676666666666665,0.36961666666666665
2025-05-27 17:06:00,48.698816666666666,0.26411666666666667,0.36983333333333335
2025-05-27 17:07:00,48.41186666666667,0.2622333333333333,0.3701333333333333
2025-05-27 17:08:00,48.33453333333333,0.26144999999999996,0.3705166666666666
2025-05-27 17:09:00,48.42301666666667,0.2617833333333333,0.37066666666666664
2025-05-27 17:10:00,48.475550000000005,0.2619666666666667,0.37083333333333324
2025-05-27 17:11:00,48.49231666666667,0.26198333333333335,0.37099999999999994
2025-05-27 17:12:00,48.60176666666667,0.2626,0.37108333333333327
2025-05-27 17:13:00,48.60855,0.26266666666666666,0.37116666666666664
2025-05-27 17:14:00,48.61506666666667,0.2628833333333333,0.37116666666666664
2025-05-27 17:15:00,48.62435000000001,0.2631833333333333,0.3710833333333333
2025-05-27 17:16:00,48.567883333333334,0.26306666666666667,0.3710833333333333
2025-05-27 17:17:00,48.242133333333335,0.2615,0.37099999999999994
2025-05-27 17:18:00,47.7119,0.25861666666666666,0.37099999999999994
2025-05-27 17:19:00,47.23868333333333,0.2561,0.3709166666666666
2025-05-27 17:20:00,46.55318333333334,0.25244999999999995,0.37074999999999997
2025-05-27 17:21:00,45.98481666666667,0.24948333333333333,0.37051666666666666
2025-05-27 17:22:00,45.66206666666666,0.24803333333333333,0.37026666666666663
2025-05-27 17:23:00,45.37985,0.24671666666666664,0.3701
2025-05-27 17:24:00,45.35473333333333,0.24671666666666664,0.37001666666666666
2025-05-27 17:25:00,45.37381666666667,0.2469666666666667,0.36985
2025-05-27 17:26:00,45.352050000000006,0.2470166666666666,0.3696833333333333
2025-05-27 17:27:00,45.10705,0.24586666666666668,0.3695166666666667
2025-05-27 17:28:00,44.662683333333334,0.24368333333333334,0.3692666666666667
2025-05-27 17:29:00,44.0029,0.24033333333333334,0.3690833333333333
2025-05-27 17:30:00,43.320299999999996,0.23676666666666665,0.36890000000000006
2025-05-27 17:31:00,42.73961666666666,0.23368333333333333,0.3688
2025-05-27 17:32:00,42.04868333333333,0.23009999999999997,0.3686333333333333
2025-05-27 17:33:00,41.50561666666666,0.22718333333333335,0.3685333333333333
2025-05-27 17:34:00,41.05483333333333,0.2245833333333333,0.3686
2025-05-27 17:35:00,40.576566666666665,0.22184999999999996,0.3686666666666667
2025-05-27 17:36:00,40.22323333333333,0.21983333333333333,0.36865000000000003
2025-05-27 17:37:00,39.97938333333333,0.2182833333333333,0.3688
2025-05-27 17:38:00,39.877066666666664,0.2176833333333333,0.3688
2025-05-27 17:39:00,39.752516666666665,0.21695000000000003,0.3688166666666667
2025-05-27 17:40:00,39.76166666666667,0.2169166666666667,0.36891666666666667
2025-05-27 17:41:00,39.919200000000004,0.21781666666666663,0.36900000000000005
2025-05-27 17:42:00,39.99458333333333,0.21823333333333333,0.36901666666666666
2025-05-27 17:43:00,39.98295,0.21818333333333334,0.3690333333333333
2025-05-27 17:44:00,39.82076666666667,0.2173,0.36905
2025-05-27 17:45:00,39.467533333333336,0.21534999999999999,0.36913333333333337
2025-05-27 17:46:00,39.022000000000006,0.21298333333333336,0.36915
2025-05-27 17:47:00,38.961650000000006,0.21265,0.3691666666666667
2025-05-27 17:48:00,39.03268333333334,0.2130166666666667,0.3691833333333333
2025-05-27 17:49:00,39.11395,0.21338333333333334,0.3692
2025-05-27 17:50:00,39.365116666666665,0.21461666666666668,0.3692833333333333
2025-05-27 17:51:00,39.5948,0.2157833333333333,0.3692833333333333
2025-05-27 17:52:00,39.76716666666667,0.21658333333333335,0.36934999999999996
2025-05-27 17:53:00,39.8737,0.21718333333333334,0.36935
2025-05-27 17:54:00,39.78958333333334,0.21683333333333335,0.36935
2025-05-27 17:55:00,39.764950000000006,0.2168166666666667,0.3694333333333333
2025-05-27 17:56:00,39.742333333333335,0.2168166666666667,0.3695166666666666
2025-05-27 17:57:00,39.705799999999996,0.2168166666666667,0.3695166666666666
2025-05-27 17:58:00,39.64946666666667,0.21658333333333335,0.36965
2025-05-27 17:59:00,39.55903333333334,0.21616666666666667,0.36971666666666664
2025-05-27 18:00:00,39.43261666666667,0.21549999999999997,0.36985
2025-05-27 18:01:00,39.390283333333336,0.21518333333333334,0.37006666666666665
2025-05-27 18:02:00,39.46115,0.21553333333333335,0.3702833333333333
2025-05-27 18:03:00,39.5429,0.21593333333333337,0.37049999999999994
2025-05-27 18:04:00,39.72005,0.21683333333333335,0.3707166666666667
2025-05-27 18:05:00,40.06118333333333,0.2186,0.3709333333333333
2025-05-27 18:06:00,40.27935,0.21948333333333334,0.37129999999999996
2025-05-27 18:07:00,40.19363333333333,0.21878333333333333,0.37166666666666665
2025-05-27 18:08:00,40.0067,0.21749999999999997,0.3720333333333333
2025-05-27 18:09:00,39.81901666666666,0.2163,0.37248333333333333
2025-05-27 18:10:00,39.67948333333334,0.21548333333333333,0.3728666666666666
2025-05-27 18:11:00,39.541133333333335,0.21463333333333337,0.37331666666666663
2025-05-27 18:12:00,39.78395,0.21573333333333333,0.37384999999999996
2025-05-27 18:13:00,39.925066666666666,0.21625,0.37438333333333335
2025-05-27 18:14:00,40.24426666666666,0.2177166666666667,0.37483333333333335
2025-05-27 18:15:00,40.708999999999996,0.21966666666666668,0.3753666666666667
2025-05-27 18:16:00,40.89,0.22001666666666667,0.3759833333333333
2025-05-27 18:17:00,41.23916666666666,0.22118333333333334,0.37666666666666665
2025-05-27 18:18:00,41.68296666666667,0.22286666666666669,0.37729999999999997
2025-05-27 18:19:00,41.993716666666664,0.22391666666666668,0.37806666666666666
2025-05-27 18:20:00,42.5796,0.2265,0.3787
2025-05-27 18:21:00,43.040816666666665,0.22845,0.37933333333333336
2025-05-27 18:22:00,43.4793,0.23028333333333334,0.3799666666666667
2025-05-27 18:23:00,44.094483333333336,0.2330833333333333,0.3806
2025-05-27 18:24:00,44.671099999999996,0.23570000000000002,0.3812333333333333
2025-05-27 18:25:00,45.18136666666667,0.23801666666666668,0.38180000000000003
2025-05-27 18:26:00,45.91761666666666,0.24176666666666669,0.3822
2025-05-27 18:27:00,46.62475,0.2453,0.3826
2025-05-27 18:28:00,47.388099999999994,0.2492166666666667,0.3829166666666667
2025-05-27 18:29:00,48.231700000000004,0.25348333333333334,0.38315
2025-05-27 18:30:00,48.9482,0.25701666666666667,0.38330000000000003
2025-05-27 18:31:00,49.55701666666667,0.25995,0.3834666666666667
2025-05-27 18:32:00,49.796816666666665,0.26103333333333334,0.38355
2025-05-27 18:33:00,50.041516666666666,0.2622333333333333,0.38355
2025-05-27 18:34:00,49.91755,0.26149999999999995,0.38355
2025-05-27 18:35:00,49.650166666666664,0.26026666666666665,0.3834666666666667
2025-05-27 18:36:00,49.46585,0.25955,0.38330000000000003
2025-05-27 18:37:00,49.01116666666666,0.25756666666666667,0.3830666666666667
2025-05-27 18:38:00,48.61423333333333,0.2559166666666667,0.3828166666666667
2025-05-27 18:39:00,48.28881666666666,0.2546333333333333,0.3825
2025-05-27 18:40:00,47.58671666666667,0.2514,0.38216666666666665
2025-05-27 18:41:00,46.989999999999995,0.2486,0.3819
2025-05-27 18:42:00,46.1521,0.24459999999999998,0.38165
2025-05-27 18:43:00,45.00496666666667,0.23913333333333334,0.3813166666666667
2025-05-27 18:44:00,44.0139,0.23446666666666666,0.3810666666666667
2025-05-27 18:45:00,43.146499999999996,0.23041666666666666,0.38073333333333337
2025-05-27 18:46:00,42.44485,0.227,0.3806333333333333
2025-05-27 18:47:00,41.9527,0.22453333333333333,0.38053333333333333
2025-05-27 18:48:00,41.1506,0.22041666666666665,0.3806
2025-05-27 18:49:00,40.18698333333334,0.21553333333333335,0.38058333333333333
2025-05-27 18:50:00,39.29933333333334,0.2109,0.3807333333333333
2025-05-27 18:51:00,38.519483333333326,0.20686666666666667,0.38079999999999997
2025-05-27 18:52:00,38.010983333333336,0.20418333333333333,0.3808666666666667
2025-05-27 18:53:00,37.51385,0.20151666666666665,0.38101666666666667
2025-05-27 18:54:00,37.38686666666667,0.2007833333333333,0.38116666666666665
2025-05-27 18:55:00,36.9641,0.19855,0.38131666666666664
2025-05-27 18:56:00,36.51366666666667,0.19613333333333333,0.38155
2025-05-27 18:57:00,36.2526,0.19456666666666667,0.3817833333333333
2025-05-27 18:58:00,36.01798333333333,0.19311666666666666,0.3821
2025-05-27 18:59:00,36.11755,0.19333333333333333,0.3824166666666667
2025-05-27 19:00:00,36.20486666666667,0.19343333333333335,0.3828166666666667
2025-05-27 19:01:00,36.21691666666667,0.19325,0.38321666666666665
2025-05-27 19:02:00,36.18626666666667,0.19281666666666666,0.3836
2025-05-27 19:03:00,36.256350000000005,0.19275000000000003,0.38415
2025-05-27 19:04:00,36.247416666666666,0.19228333333333333,0.3845333333333333
2025-05-27 19:05:00,36.542183333333334,0.19333333333333333,0.385
2025-05-27 19:06:00,36.70793333333334,0.19373333333333337,0.3854
2025-05-27 19:07:00,36.73356666666667,0.19355000000000003,0.38580000000000003
2025-05-27 19:08:00,36.969516666666664,0.19448333333333334,0.3862
2025-05-27 19:09:00,37.26668333333333,0.1956,0.3867666666666667
2025-05-27 19:10:00,37.267450000000004,0.1954,0.38716666666666666
2025-05-27 19:11:00,37.408550000000005,0.19590000000000002,0.38765
2025-05-27 19:12:00,37.308800000000005,0.19513333333333333,0.38813333333333333
2025-05-27 19:13:00,37.08531666666667,0.19366666666666668,0.38861666666666667
2025-05-27 19:14:00,37.03811666666667,0.19311666666666666,0.3890166666666667
2025-05-27 19:15:00,37.01365,0.19260000000000002,0.3895
2025-05-27 19:16:00,36.98736666666667,0.19221666666666667,0.3899
2025-05-27 19:17:00,36.889966666666666,0.19158333333333336,0.3903
2025-05-27 19:18:00,36.632400000000004,0.1902,0.3906166666666667
2025-05-27 19:19:00,36.274033333333335,0.18826666666666667,0.39093333333333335
2025-05-27 19:20:00,36.31426666666667,0.18826666666666667,0.39125
2025-05-27 19:21:00,36.36636666666667,0.18833333333333335,0.3914166666666667
2025-05-27 19:22:00,36.68795,0.18963333333333335,0.3916666666666667
2025-05-27 19:23:00,37.127950000000006,0.19160000000000002,0.39183333333333337
2025-05-27 19:24:00,37.461866666666666,0.193,0.39208333333333334
2025-05-27 19:25:00,37.55588333333334,0.19321666666666668,0.3923333333333333
2025-05-27 19:26:00,37.732,0.194,0.3924166666666667
2025-05-27 19:27:00,37.75965000000001,0.19401666666666667,0.3925
2025-05-27 19:28:00,37.92211666666667,0.19453333333333336,0.39265
2025-05-27 19:29:00,38.03841666666666,0.19493333333333335,0.39263333333333333
2025-05-27 19:30:00,38.2969,0.19588333333333335,0.3927833333333334
2025-05-27 19:31:00,38.51663333333333,0.1966166666666667,0.39285000000000003
2025-05-27 19:32:00,38.78825,0.19770000000000001,0.39298333333333335
2025-05-27 19:33:00,39.23645,0.19988333333333336,0.39303333333333335
2025-05-27 19:34:00,39.2565,0.19990000000000002,0.39316666666666666
2025-05-27 19:35:00,39.4499,0.20083333333333334,0.39321666666666666
2025-05-27 19:36:00,39.78511666666667,0.20236666666666667,0.3932666666666667
2025-05-27 19:37:00,40.15881666666667,0.20393333333333336,0.3934
2025-05-27 19:38:00,40.635083333333334,0.20605,0.39344999999999997
2025-05-27 19:39:00,41.027699999999996,0.20780000000000004,0.3935
2025-05-27 19:40:00,41.11546666666666,0.20815,0.39363333333333334
2025-05-27 19:41:00,41.018499999999996,0.20758333333333331,0.39385
2025-05-27 19:42:00,40.78993333333334,0.20645000000000002,0.3939833333333333
2025-05-27 19:43:00,40.60223333333333,0.20536666666666664,0.3942
2025-05-27 19:44:00,40.51721666666667,0.2048,0.3945
2025-05-27 19:45:00,40.48213333333333,0.2044,0.39471666666666666
2025-05-27 19:46:00,40.42143333333333,0.20379999999999998,0.3951
2025-05-27 19:47:00,40.43448333333333,0.2035833333333333,0.3954
2025-05-27 19:48:00,40.42463333333333,0.20336666666666664,0.39554999999999996
2025-05-27 19:49:00,40.44538333333334,0.20335,0.3957833333333333
2025-05-27 19:50:00,40.529466666666664,0.2037,0.3960166666666667
2025-05-27 19:51:00,40.56863333333333,0.20396666666666668,0.39625
2025-05-27 19:52:00,40.7344,0.20486666666666667,0.3963333333333333
2025-05-27 19:53:00,40.943400000000004,0.20581666666666668,0.39658333333333334
2025-05-27 19:54:00,41.4958,0.20841666666666664,0.3968333333333333
2025-05-27 19:55:00,42.01780000000001,0.21075,0.39708333333333334
2025-05-27 19:56:00,42.58678333333334,0.21344999999999997,0.39731666666666665
2025-05-27 19:57:00,42.94448333333334,0.2152333333333333,0.39740000000000003
2025-05-27 19:58:00,42.974383333333336,0.2152333333333333,0.39771666666666666
2025-05-27 19:59:00,42.84778333333333,0.21451666666666663,0.39803333333333335
2025-05-27 20:00:00,42.69508333333333,0.21361666666666665,0.39826666666666666
2025-05-27 20:01:00,42.96906666666667,0.21475,0.3985
2025-05-27 20:02:00,43.38876666666666,0.21656666666666666,0.3987333333333334
2025-05-27 20:03:00,43.82771666666667,0.21858333333333335,0.39888333333333337
2025-05-27 20:04:00,44.13766666666667,0.22005,0.39893333333333336
2025-05-27 20:05:00,44.371116666666666,0.22111666666666668,0.39908333333333335
2025-05-27 20:06:00,44.603766666666665,0.22221666666666665,0.39921666666666666
2025-05-27 20:07:00,44.943866666666665,0.22383333333333333,0.3994333333333334
2025-05-27 20:08:00,45.362633333333335,0.22583333333333327,0.3995833333333334
2025-05-27 20:09:00,45.82358333333333,0.22798333333333334,0.39980000000000004
2025-05-27 20:10:00,46.13061666666667,0.2294333333333333,0.39993333333333336
2025-05-27 20:11:00,46.082300000000004,0.22898333333333332,0.4000666666666667
2025-05-27 20:12:00,46.002116666666666,0.22843333333333332,0.40020000000000006
2025-05-27 20:13:00,45.845600000000005,0.2275333333333333,0.4003333333333334
2025-05-27 20:14:00,45.527233333333335,0.2258166666666667,0.4004666666666667
2025-05-27 20:15:00,45.44783333333333,0.22543333333333332,0.4005166666666667
2025-05-27 20:16:00,45.41458333333333,0.22515000000000002,0.40066666666666667
2025-05-27 20:17:00,45.57001666666666,0.2257833333333333,0.40088333333333337
2025-05-27 20:18:00,45.97526666666666,0.2278,0.40095000000000003
2025-05-27 20:19:00,46.42308333333334,0.22998333333333335,0.4010166666666667
2025-05-27 20:20:00,47.036550000000005,0.23301666666666665,0.40108333333333335
2025-05-27 20:21:00,47.4319,0.23500000000000001,0.40115
2025-05-27 20:22:00,47.74673333333333,0.23653333333333332,0.40121666666666667
2025-05-27 20:23:00,48.1304,0.2383833333333333,0.4012833333333334
2025-05-27 20:24:00,48.49528333333334,0.24001666666666668,0.40136666666666665
2025-05-27 20:25:00,48.80453333333334,0.24139999999999998,0.40151666666666663
2025-05-27 20:26:00,48.98943333333334,0.24225,0.4016
2025-05-27 20:27:00,49.063316666666665,0.24261666666666665,0.40168333333333334
2025-05-27 20:28:00,49.004133333333336,0.24230000000000002,0.4019166666666667
2025-05-27 20:29:00,49.00166666666667,0.24228333333333332,0.402
2025-05-27 20:30:00,49.16153333333333,0.24298333333333338,0.4021666666666667
2025-05-27 20:31:00,49.470083333333335,0.24445,0.40225
2025-05-27 20:32:00,49.747616666666666,0.24571666666666667,0.4024166666666667
2025-05-27 20:33:00,50.1152,0.24745,0.4025
2025-05-27 20:34:00,50.50968333333333,0.24939999999999998,0.4025
2025-05-27 20:35:00,50.64383333333333,0.24993333333333334,0.40275
2025-05-27 20:36:00,50.61076666666666,0.24970000000000003,0.4029166666666667
2025-05-27 20:37:00,50.2233,0.2478166666666667,0.40308333333333335
2025-05-27 20:38:00,49.964983333333336,0.24651666666666666,0.4031666666666666
2025-05-27 20:39:00,49.885,0.2459833333333333,0.4033333333333333
2025-05-27 20:40:00,49.92926666666666,0.24603333333333338,0.4035
2025-05-27 20:41:00,50.17616666666667,0.24708333333333332,0.4036666666666666
2025-05-27 20:42:00,50.518,0.2487166666666667,0.4038333333333333
2025-05-27 20:43:00,50.617733333333334,0.24915000000000004,0.404
2025-05-27 20:44:00,50.706999999999994,0.24958333333333332,0.4041666666666667
2025-05-27 20:45:00,50.57288333333333,0.24908333333333338,0.4041666666666667
2025-05-27 20:46:00,50.458233333333325,0.24856666666666669,0.4041666666666667
2025-05-27 20:47:00,50.47541666666667,0.24856666666666666,0.4043166666666667
2025-05-27 20:48:00,50.57796666666666,0.24903333333333336,0.4043833333333334
2025-05-27 20:49:00,50.765499999999996,0.24985,0.40453333333333336
2025-05-27 20:50:00,50.82828333333333,0.25025,0.40453333333333336
2025-05-27 20:51:00,50.91045,0.25071666666666664,0.4046833333333334
2025-05-27 20:52:00,50.97848333333333,0.25111666666666665,0.4048333333333334
2025-05-27 20:53:00,50.95726666666666,0.25105,0.40498333333333336
2025-05-27 20:54:00,51.04125,0.25146666666666667,0.4052166666666667
2025-05-27 20:55:00,51.22825,0.25244999999999995,0.40520000000000006
2025-05-27 20:56:00,51.64019999999999,0.2544666666666667,0.40518333333333334
2025-05-27 20:57:00,52.4054,0.25801666666666667,0.40525
2025-05-27 20:58:00,52.999633333333335,0.2606833333333333,0.40540000000000004
2025-05-27 20:59:00,53.49136666666667,0.26298333333333335,0.4054666666666667
2025-05-27 21:00:00,53.69015,0.26388333333333336,0.40553333333333336
2025-05-27 21:01:00,53.69186666666667,0.26383333333333336,0.4056
2025-05-27 21:02:00,53.44338333333333,0.26253333333333334,0.4055833333333333
2025-05-27 21:03:00,53.33843333333333,0.2619666666666667,0.40556666666666674
2025-05-27 21:04:00,53.12161666666667,0.26088333333333336,0.40555
2025-05-27 21:05:00,53.10146666666667,0.26070000000000004,0.4056166666666667
2025-05-27 21:06:00,53.00898333333333,0.2602666666666667,0.40568333333333334
2025-05-27 21:07:00,52.977483333333325,0.26025,0.40568333333333334
2025-05-27 21:08:00,52.880100000000006,0.2600166666666667,0.4056
2025-05-27 21:09:00,52.547783333333335,0.2585166666666666,0.4056
2025-05-27 21:10:00,52.31505,0.25739999999999996,0.4056666666666667
2025-05-27 21:11:00,52.19183333333333,0.2567833333333333,0.40575
2025-05-27 21:12:00,52.06185000000001,0.25601666666666667,0.4058333333333334
2025-05-27 21:13:00,52.10731666666667,0.25611666666666666,0.4059166666666667
2025-05-27 21:14:00,52.124916666666664,0.25603333333333333,0.406
2025-05-27 21:15:00,52.075116666666666,0.2556166666666667,0.4061666666666667
2025-05-27 21:16:00,51.78438333333334,0.2541333333333333,0.4063333333333333
2025-05-27 21:17:00,51.35606666666666,0.25201666666666667,0.4064166666666667
2025-05-27 21:18:00,51.06465,0.2504,0.4065666666666667
2025-05-27 21:19:00,50.83996666666667,0.24900000000000003,0.4067166666666666
2025-05-27 21:20:00,50.69006666666667,0.24789999999999995,0.4068666666666667
2025-05-27 21:21:00,50.54638333333334,0.24691666666666667,0.4070166666666667
2025-05-27 21:22:00,50.42386666666666,0.24605000000000002,0.40725
2025-05-27 21:23:00,50.34798333333333,0.24549999999999997,0.4074833333333333
2025-05-27 21:24:00,50.304116666666665,0.24503333333333335,0.40780000000000005
2025-05-27 21:25:00,50.20726666666667,0.2443333333333333,0.40803333333333336
2025-05-27 21:26:00,50.228633333333335,0.24403333333333332,0.40835
2025-05-27 21:27:00,50.140816666666666,0.2431166666666667,0.40858333333333335
2025-05-27 21:28:00,50.1239,0.24243333333333333,0.40889999999999993
2025-05-27 21:29:00,50.11451666666667,0.242,0.40905
2025-05-27 21:30:00,50.23343333333333,0.24211666666666667,0.40928333333333333
2025-05-27 21:31:00,50.372299999999996,0.24258333333333337,0.40935
2025-05-27 21:32:00,50.573750000000004,0.24345,0.4094166666666667
2025-05-27 21:33:00,50.58369999999999,0.2434,0.40948333333333337
2025-05-27 21:34:00,50.4996,0.24288333333333334,0.40954999999999997
2025-05-27 21:35:00,50.618766666666666,0.24336666666666665,0.40968333333333334
2025-05-27 21:36:00,50.64915,0.24333333333333332,0.40981666666666666
2025-05-27 21:37:00,50.89973333333333,0.24434999999999998,0.40995
2025-05-27 21:38:00,51.05415,0.24508333333333338,0.4101
2025-05-27 21:39:00,51.13191666666667,0.24553333333333333,0.41025
2025-05-27 21:40:00,51.17248333333333,0.24585000000000004,0.4104
2025-05-27 21:41:00,51.10036666666666,0.24545,0.4106166666666667
2025-05-27 21:42:00,51.202099999999994,0.24589999999999995,0.41083333333333333
2025-05-27 21:43:00,51.32821666666666,0.2462666666666667,0.4111166666666667
2025-05-27 21:44:00,51.83948333333333,0.2485,0.4114000000000001
2025-05-27 21:45:00,52.47848333333333,0.2512666666666667,0.41176666666666667
2025-05-27 21:46:00,52.9933,0.25351666666666667,0.41204999999999997
2025-05-27 21:47:00,53.287,0.25481666666666664,0.41241666666666665
2025-05-27 21:48:00,53.583816666666664,0.2561,0.41269999999999996
2025-05-27 21:49:00,53.82099999999999,0.2570833333333334,0.41315
2025-05-27 21:50:00,54.13266666666667,0.2583166666666667,0.4135833333333333
2025-05-27 21:51:00,54.54756666666667,0.25988333333333336,0.41403333333333336
2025-05-27 21:52:00,54.83171666666666,0.26080000000000003,0.41455000000000003
2025-05-27 21:53:00,55.231033333333336,0.26225,0.4150666666666667
2025-05-27 21:54:00,55.61118333333333,0.2637333333333333,0.41558333333333336
2025-05-27 21:55:00,55.460350000000005,0.2627333333333334,0.41611666666666663
2025-05-27 21:56:00,55.514266666666664,0.2627666666666667,0.41656666666666664
2025-05-27 21:57:00,55.468016666666664,0.26234999999999997,0.4170999999999999
2025-05-27 21:58:00,55.29076666666667,0.2612833333333333,0.41755000000000003
2025-05-27 21:59:00,55.255333333333326,0.26080000000000003,0.41806666666666664
2025-05-27 22:00:00,55.26455,0.2604666666666667,0.4185833333333333
2025-05-27 22:01:00,55.34658333333333,0.26056666666666667,0.4190333333333333
2025-05-27 22:02:00,55.41479999999999,0.2605333333333334,0.4194833333333333
2025-05-27 22:03:00,55.444483333333324,0.2604,0.4198666666666667
2025-05-27 22:04:00,55.362649999999995,0.25976666666666665,0.42016666666666663
2025-05-27 22:05:00,55.24996666666666,0.2590166666666667,0.42046666666666666
2025-05-27 22:06:00,55.34615,0.25921666666666665,0.42085
2025-05-27 22:07:00,55.60438333333333,0.2602833333333333,0.42106666666666664
2025-05-27 22:08:00,55.79415,0.26093333333333335,0.42151666666666665
2025-05-27 22:09:00,56.246833333333335,0.26271666666666665,0.42188333333333333
2025-05-27 22:10:00,56.55196666666666,0.26399999999999996,0.42219999999999996
2025-05-27 22:11:00,56.869566666666664,0.2653333333333333,0.42256666666666665
2025-05-27 22:12:00,57.21723333333333,0.26675,0.42295
2025-05-27 22:13:00,57.42543333333333,0.26758333333333334,0.42333333333333334
2025-05-27 22:14:00,57.5255,0.2678333333333333,0.4237166666666667
2025-05-27 22:15:00,58.09838333333333,0.27021666666666666,0.4240166666666666
2025-05-27 22:16:00,58.75888333333334,0.27295,0.4244
2025-05-27 22:17:00,59.35866666666666,0.27538333333333337,0.42469999999999997
2025-05-27 22:18:00,60.0511,0.27825,0.425
2025-05-27 22:19:00,60.54553333333333,0.28018333333333334,0.42523333333333335
2025-05-27 22:20:00,61.18173333333333,0.28278333333333333,0.4254666666666666
2025-05-27 22:21:00,61.82326666666667,0.2854333333333333,0.42569999999999997
2025-05-27 22:22:00,62.51231666666668,0.28823333333333334,0.426
2025-05-27 22:23:00,62.86978333333334,0.28958333333333336,0.42623333333333335
2025-05-27 22:24:00,62.999266666666664,0.28981666666666667,0.4265333333333333
2025-05-27 22:25:00,63.2673,0.2907,0.4267666666666666
2025-05-27 22:26:00,63.463750000000005,0.29131666666666667,0.42698333333333327
2025-05-27 22:27:00,63.691500000000005,0.29186666666666666,0.4273666666666666
2025-05-27 22:28:00,63.239599999999996,0.28978333333333334,0.4276
2025-05-27 22:29:00,61.94281666666667,0.2843,0.42783333333333334
2025-05-27 22:30:00,60.912316666666676,0.2798166666666667,0.42805
2025-05-27 22:31:00,59.700116666666666,0.27453333333333335,0.42828333333333335
2025-05-27 22:32:00,58.63893333333334,0.2701,0.42843333333333333
2025-05-27 22:33:00,57.19558333333333,0.2640166666666667,0.42858333333333337
2025-05-27 22:34:00,55.89326666666667,0.2586333333333334,0.42873333333333336
2025-05-27 22:35:00,54.47963333333333,0.25283333333333335,0.4288833333333334
2025-05-27 22:36:00,52.77315,0.24565,0.4290333333333334
2025-05-27 22:37:00,50.963483333333336,0.23803333333333332,0.4291833333333333
2025-05-27 22:38:00,49.12703333333333,0.23033333333333333,0.4293333333333333
2025-05-27 22:39:00,47.298833333333334,0.22271666666666667,0.42948333333333333
2025-05-27 22:40:00,45.34316666666667,0.2145833333333333,0.4296333333333333
2025-05-27 22:41:00,43.62343333333333,0.20758333333333337,0.4297833333333333
2025-05-27 22:42:00,41.92115,0.20075000000000004,0.4298666666666667
2025-05-27 22:43:00,40.5103,0.19518333333333335,0.43010000000000004
2025-05-27 22:44:00,39.21825,0.19021666666666667,0.4302666666666667
2025-05-27 22:45:00,37.79421666666667,0.18460000000000001,0.4305
2025-05-27 22:46:00,36.18236666666667,0.17808333333333334,0.43066666666666664
2025-05-27 22:47:00,34.518166666666666,0.17138333333333333,0.43075
2025-05-27 22:48:00,33.512166666666666,0.1673,0.43083333333333335
2025-05-27 22:49:00,33.41061666666667,0.16695,0.4309166666666666
2025-05-27 22:50:00,32.958133333333336,0.16513333333333333,0.43099999999999994
2025-05-27 22:51:00,32.482000000000006,0.16313333333333335,0.4310833333333333
2025-05-27 22:52:00,31.776366666666668,0.16001666666666664,0.43116666666666664
2025-05-27 22:53:00,31.4615,0.15855,0.43125
2025-05-27 22:54:00,31.059333333333335,0.15661666666666668,0.43133333333333324
2025-05-27 22:55:00,30.654933333333332,0.15463333333333334,0.4314166666666666
2025-05-27 22:56:00,30.51123333333333,0.15391666666666665,0.43149999999999994
2025-05-27 22:57:00,30.569049999999997,0.15413333333333332,0.4315833333333334
2025-05-27 22:58:00,30.708949999999998,0.15478333333333333,0.4315833333333334
2025-05-27 22:59:00,30.97595,0.15596666666666667,0.43166666666666664
2025-05-27 23:00:00,31.046616666666665,0.1561833333333333,0.43174999999999997
2025-05-27 23:01:00,30.88448333333334,0.15528333333333333,0.43183333333333335
2025-05-27 23:02:00,30.607566666666667,0.15385,0.43191666666666667
2025-05-27 23:03:00,30.325599999999998,0.1524,0.4319166666666666
2025-05-27 23:04:00,30.059666666666665,0.151,0.4319166666666666
2025-05-27 23:05:00,29.7346,0.14935,0.43191666666666667
2025-05-27 23:06:00,29.441633333333336,0.14786666666666665,0.43191666666666667
2025-05-27 23:07:00,29.08708333333333,0.14618333333333333,0.43183333333333335
2025-05-27 23:08:00,28.671883333333334,0.14426666666666665,0.43174999999999997
2025-05-27 23:09:00,28.105716666666666,0.14168333333333333,0.43166666666666675
2025-05-27 23:10:00,27.57385,0.13928333333333334,0.4315833333333333
2025-05-27 23:11:00,27.02018333333333,0.1367833333333333,0.43149999999999994
2025-05-27 23:12:00,26.74753333333333,0.13561666666666666,0.43133333333333324
2025-05-27 23:13:00,26.56206666666667,0.13485,0.43116666666666664
2025-05-27 23:14:00,26.374833333333335,0.13408333333333333,0.4310833333333333
2025-05-27 23:15:00,26.344149999999996,0.1341,0.4309166666666667
2025-05-27 23:16:00,26.034100000000002,0.13279999999999997,0.43075
2025-05-27 23:17:00,25.609183333333334,0.13091666666666668,0.43066666666666664
2025-05-27 23:18:00,24.971166666666665,0.12795,0.4305833333333333
2025-05-27 23:19:00,24.236333333333334,0.12456666666666667,0.4304166666666667
2025-05-27 23:20:00,23.792766666666665,0.12255,0.43025
2025-05-27 23:21:00,23.55005,0.12141666666666669,0.4300833333333333
2025-05-27 23:22:00,23.475916666666667,0.12106666666666668,0.4299166666666666
2025-05-27 23:23:00,23.550900000000002,0.12153333333333334,0.42968333333333336
2025-05-27 23:24:00,23.78005,0.12276666666666666,0.4293666666666667
2025-05-27 23:25:00,23.962566666666667,0.12378333333333333,0.42905
2025-05-27 23:26:00,24.300966666666667,0.12556666666666666,0.4287333333333333
2025-05-27 23:27:00,24.90235,0.12853333333333333,0.4285
2025-05-27 23:28:00,25.47233333333333,0.13130000000000003,0.42721666666666663
2025-05-27 23:29:00,25.8456,0.1331,0.42593333333333333
2025-05-27 23:30:00,25.964166666666664,0.13366666666666666,0.42465
2025-05-27 23:31:00,26.114816666666666,0.13435000000000002,0.4234333333333334
2025-05-27 23:32:00,26.14625,0.1345,0.42230000000000006
2025-05-27 23:33:00,26.182866666666666,0.1347,0.42124999999999996
2025-05-27 23:34:00,26.30505,0.13528333333333334,0.4201833333333333
2025-05-27 23:35:00,26.50935,0.13621666666666668,0.4193666666666667
2025-05-27 23:36:00,27.058749999999996,0.13881666666666667,0.41868333333333335
2025-05-27 23:37:00,27.840750000000003,0.14255,0.4183
2025-05-27 23:38:00,28.847049999999996,0.14736666666666667,0.41845
2025-05-27 23:39:00,29.893766666666664,0.15236666666666665,0.41958333333333336
2025-05-27 23:40:00,30.93795,0.15738333333333335,0.42169999999999996
2025-05-27 23:41:00,31.73813333333333,0.16131666666666666,0.42474999999999996
2025-05-27 23:42:00,32.423033333333336,0.16463333333333333,0.429
2025-05-27 23:43:00,32.94525,0.16715,0.4346166666666667
2025-05-27 23:44:00,33.25821666666667,0.16866666666666666,0.4416666666666667
2025-05-27 23:45:00,33.5823,0.17023333333333332,0.4510666666666667
2025-05-27 23:46:00,33.87251666666667,0.17161666666666667,0.46191666666666664
2025-05-27 23:47:00,33.957100000000004,0.17201666666666665,0.47381666666666666
2025-05-27 23:48:00,34.14275,0.17296666666666666,0.48776666666666674
2025-05-27 23:49:00,34.63206666666666,0.17546666666666666,0.5033833333333333
2025-05-27 23:50:00,35.37468333333333,0.17919999999999997,0.5205166666666667
2025-05-27 23:51:00,35.91540350877193,0.181859649122807,0.5265438596491228
2025-05-27 23:52:00,36.49953703703704,0.18464814814814814,0.5332407407407407
2025-05-27 23:53:00,37.14629411764706,0.18770588235294117,0.5406274509803922
2025-05-27 23:54:00,37.848979166666666,0.1910625,0.5488541666666666
2025-05-27 23:55:00,38.361044444444445,0.19351111111111108,0.5579555555555555
2025-05-27 23:56:00,38.72261904761905,0.1952142857142857,0.5681666666666667
2025-05-27 23:57:00,38.88046153846154,0.19597435897435894,0.5793589743589743
2025-05-27 23:58:00,38.99883333333333,0.1965555555555555,0.5916666666666667
2025-05-27 23:59:00,39.127575757575755,0.19724242424242425,0.6044242424242424
